full_name,player_slug,position,college
Aaron Brooks,aaron-brooks,QB,Virginia
Aaron Jones,aaron-jones,RB,Texas-El Paso
Aaron Rodgers,aaron-rodgers,QB,California
Adam Humphries,adam-humphries,WR,Clemson
Adam Thielen,adam-thielen,WR,Minnesota State
Adrian Bryson,adrian-bryson,RB,Tennessee
Adrian Peterson,adrian-peterson,RB,Oklahoma
Adriel Green,adriel-green,WR,Georgia
Ahmad Bradshaw,ahmad-bradshaw,RB,Marshall
Ahman Green,ahman-green,RB,Nebraska
Albert Wilson,albert-wilson,WR,Georgia State
Alexander Collins,alexander-collins,RB,Arkansas
Alexander Mattison,alexander-mattison,RB,Boise State
Alexander Smith,alexander-smith,QB,Ohio State
Alfred Blue,alfred-blue,RB,LSU
Alfred Morris,alfred-morris,RB,Florida Atlantic
Algiers Dillon,algiers-dillon,RB,Boston College
Allen Hurns,allen-hurns,WR,Miami
Allen Lazard,allen-lazard,WR,Iowa State
Allen Robinson,allen-robinson,WR,Penn State
Alshon Jeffery,alshon-jeffery,WR,South Carolina
Alvin Kamara,alvin-kamara,RB,Tennessee
Amani Toomer,amani-toomer,WR,Michigan
Amari Cooper,amari-cooper,WR,Alabama
Ameer Abdullah,ameer-abdullah,RB,Nebraska
Amon-Ra St. Brown,amon-ra-st-brown,WR,USC
Amos Zereoue,amos-zereoue,RB,West Virginia
Andre Ellington,andre-ellington,RB,Clemson
Andre Johnson,andre-johnson,WR,Miami
Andre Roberts,andre-roberts,WR,The Citadel
Andrew Bennett,andrew-bennett,WR,Florida A&M
Andrew Dalton,andrew-dalton,QB,TCU
Andrew Hawkins,andrew-hawkins,WR,Toledo
Andrew Luck,andrew-luck,QB,Stanford
Anquan Boldin,anquan-boldin,WR,Florida State
Antarral Pinkston,antarral-pinkston,WR,Southern Mississippi
Anthony Branch,anthony-branch,WR,Louisville
Anthony Thomas,anthony-thomas,RB,Michigan
Anthony White,anthony-white,RB,Kentucky
Antonio Brown,antonio-brown,WR,Central Michigan
Antonio Bryant,antonio-bryant,WR,Pittsburgh
Antonio Gibson,antonio-gibson,RB,Memphis
Antonio Romo,antonio-romo,QB,Eastern Illinois
Antowain Smith,antowain-smith,RB,Houston
Arian Foster,arian-foster,RB,Tennessee
Arthur Brown,arthur-brown,WR,Kansas State
Ashley Lelie,ashley-lelie,WR,Hawaii
Atiim Barber,atiim-barber,RB,Auburn
Augustus Edwards,augustus-edwards,RB,Rutgers
Austin Collie,austin-collie,WR,BYU
Austin Ekeler,austin-ekeler,RB,Western State
Az-Zahir Hakim,az-zahir-hakim,WR,San Diego State
Baker Mayfield,baker-mayfield,QB,Oklahoma
BenJarvus Green-Ellis,benjarvus-green-ellis,RB,Mississippi
Benjamin Roethlisberger,benjamin-roethlisberger,QB,Miami (Ohio)
Benjamin Tate,benjamin-tate,RB,Auburn
Bernard Berrian,bernard-berrian,WR,Fresno State
Bernard Pierce,bernard-pierce,RB,Temple
Bijan Robinson,bijan-robinson,RB,Texas
Bilal Powell,bilal-powell,RB,Louisville
Blaine Gabbert,blaine-gabbert,QB,Missouri
Brandin Cooks,brandin-cooks,WR,Oregon State
Brandon Aiyuk,brandon-aiyuk,WR,Arizona State
Brandon Gibson,brandon-gibson,WR,Washington State
Brandon Jacobs,brandon-jacobs,RB,Southern Illinois
Brandon LaFell,brandon-lafell,WR,LSU
Brandon Lloyd,brandon-lloyd,WR,Illinois
Brandon Marshall,brandon-marshall,WR,UCF
Brandon Stokley,brandon-stokley,WR,Louisiana-Lafayette
Brandon Weeden,brandon-weeden,QB,Oklahoma State
Braylon Edwards,braylon-edwards,WR,Michigan
Breece Hall,breece-hall,RB,Iowa State
Brett Favre,brett-favre,QB,Southern Mississippi
Brian Finneran,brian-finneran,WR,Villanova
Brian Griese,brian-griese,QB,Michigan
Brian Hartline,brian-hartline,WR,Ohio State
Brian Hoyer,brian-hoyer,QB,Michigan State
Brian Robinson,brian-robinson,RB,Alabama
Brian Westbrook,brian-westbrook,RB,Villanova
Brock Osweiler,brock-osweiler,QB,Arizona State
Brock Purdy,brock-purdy,QB,Iowa State
Bryan Holcomb,bryan-holcomb,QB,Middle Tennessee State
Bryant Johnson,bryant-johnson,WR,Penn State
Bryce Young,bryce-young,QB,Alabama
Burnell Wallace,burnell-wallace,WR,Mississippi
Byron Leftwich,byron-leftwich,QB,Marshall
Calvin Johnson,calvin-johnson,WR,Georgia Tech
Calvin Ridley,calvin-ridley,WR,Alabama
Cam Akers,cam-akers,RB,Florida State
Cameron Newton,cameron-newton,QB,Auburn
Carey Hardman,carey-hardman,WR,Georgia
Carlos Hyde,carlos-hyde,RB,Ohio State
Carnell Williams,carnell-williams,RB,LSU
Carson Palmer,carson-palmer,QB,USC
Carson Wentz,carson-wentz,QB,North Dakota State
Casey Keenum,casey-keenum,QB,Houston
Cecil Shorts,cecil-shorts,WR,Mount Union College
Cedarian Lamb,cedarian-lamb,WR,Oklahoma
Cedric Benson,cedric-benson,RB,Texas
Chad Henne,chad-henne,QB,Michigan
Chad Johnson,chad-johnson,WR,Oregon State
Charles Batch,charles-batch,QB,Eastern Michigan
Charles Garner,charles-garner,RB,Tennessee
Charles Thomas,charles-thomas,RB,Tennessee State
Chase Edmonds,chase-edmonds,RB,Fordham
Chester Taylor,chester-taylor,RB,Toledo
Chris Chambers,chris-chambers,WR,Wisconsin
Chris Wells,chris-wells,RB,Ohio State
Christian Conley,christian-conley,WR,Georgia
Christian Kirk,christian-kirk,WR,Texas A&M
Christian McCaffrey,christian-mccaffrey,RB,Stanford
Christian Ponder,christian-ponder,QB,Florida State
Christopher Brown,christopher-brown,RB,Notre Dame
Christopher Carson,christopher-carson,RB,Oklahoma State
Christopher Chandler,christopher-chandler,QB,Washington
Christopher Hogan,christopher-hogan,WR,Monmouth
Christopher Ivory,christopher-ivory,RB,Tiffin
Christopher Johnson,christopher-johnson,RB,East Carolina
Chuba Hubbard,chuba-hubbard,RB,Oklahoma State
Clifford Spiller,clifford-spiller,RB,Clemson
Clinton Portis,clinton-portis,RB,Miami
Clyde Edwards-Helaire,clyde-edwards-helaire,RB,LSU
Cole Beasley,cole-beasley,WR,SMU
Coleridge Stroud,coleridge-stroud,QB,Ohio State
Colin Kaepernick,colin-kaepernick,QB,Nevada
Cooper Kupp,cooper-kupp,WR,Eastern Washington
Cordarrelle Patterson,cordarrelle-patterson,RB,Tennessee
Corey Davis,corey-davis,WR,Western Michigan
Corey Dillon,corey-dillon,RB,Washington
Correll Buckhalter,correll-buckhalter,RB,Nebraska
Cortrelle Anderson,cortrelle-anderson,RB,California
Courtland Sutton,courtland-sutton,WR,SMU
Curtis Conway,curtis-conway,WR,USC
Curtis Martin,curtis-martin,RB,Pittsburgh
Curtis Samuel,curtis-samuel,WR,Ohio State
D'Andre Swift,d-andre-swift,RB,Georgia
D'Onta Foreman,d-onta-foreman,RB,Texas
Dalvin Cook,dalvin-cook,RB,Florida State
Dameon Pierce,dameon-pierce,RB,Florida
Damien Harris,damien-harris,RB,Alabama
Damien Williams,damien-williams,RB,Oklahoma
Daniel Amendola,daniel-amendola,WR,Texas Tech
Daniel Jones,daniel-jones,QB,Duke
Daniel McCoy,daniel-mccoy,QB,Texas
Daniel Thomas,daniel-thomas,RB,Kansas State
Danny Woodhead,danny-woodhead,RB,Chadron State
Darius Slayton,darius-slayton,WR,Auburn
Darnell Mooney,darnell-mooney,WR,Tulane
Darrell Chark,darrell-chark,WR,LSU
Darrell Henderson,darrell-henderson,RB,Memphis
Darrell Jackson,darrell-jackson,WR,Florida
Darren McFadden,darren-mcfadden,RB,Arkansas
Darren Sproles,darren-sproles,RB,Kansas State
Darrius Heyward-Bey,darrius-heyward-bey,WR,Maryland
Daunte Culpepper,daunte-culpepper,QB,UCF
Davante Adams,davante-adams,WR,Fresno State
David Boston,david-boston,WR,Ohio State
David Carr,david-carr,QB,Fresno State
David Garrard,david-garrard,QB,East Carolina
David Givens,david-givens,WR,Notre Dame
David Johnson,david-johnson,RB,Northern Iowa
David Montgomery,david-montgomery,RB,Iowa State
David Patten,david-patten,WR,Western Carolina
Davis Mills,davis-mills,QB,Stanford
Davone Bess,davone-bess,WR,Hawaii
DeAndre Hopkins,deandre-hopkins,WR,Clemson
DeAngelo Williams,deangelo-williams,RB,Memphis
DeKaylin Metcalf,dekaylin-metcalf,WR,Mississippi
DeMarco Murray,demarco-murray,RB,Oklahoma
DeSean Jackson,desean-jackson,WR,California
DeShaun Foster,deshaun-foster,RB,UCLA
DeVante Parker,devante-parker,WR,Louisville
DeVonta Smith,devonta-smith,WR,Alabama
Demarcus Robinson,demarcus-robinson,WR,Florida
Demaryius Thomas,demaryius-thomas,WR,Georgia Tech
Dennis Northcutt,dennis-northcutt,WR,Arizona
Denniston Moore,denniston-moore,WR,Toledo
Derek Anderson,derek-anderson,QB,Oregon State
Derek Carr,derek-carr,QB,Fresno State
Derrick Gaffney,derrick-gaffney,WR,Florida
Derrick Henry,derrick-henry,RB,Alabama
Derrick Mason,derrick-mason,WR,Michigan State
Derrick Ward,derrick-ward,RB,University of Ottawa (Kans.)
Derrick Watson,derrick-watson,QB,Clemson
Desmond Bryant,desmond-bryant,WR,Harvard
Devery Henderson,devery-henderson,WR,LSU
Devin Hester,devin-hester,WR,Miami
Devin Singletary,devin-singletary,RB,Florida Atlantic
Devonta Freeman,devonta-freeman,RB,Florida State
Devontae Booker,devontae-booker,RB,Utah
Dexter McCluster,dexter-mccluster,WR,Mississippi
Dion Lewis,dion-lewis,RB,Pittsburgh
Diontae Johnson,diontae-johnson,WR,Toledo
Domanick Williams,domanick-williams,RB,LSU
Dominic Rhodes,dominic-rhodes,RB,Midwestern State
Dominique Mostert,dominique-mostert,RB,Purdue
Donald Brown,donald-brown,RB,Connecticut
Donald Driver,donald-driver,WR,Alcorn State
Donnie Avery,donnie-avery,WR,Houston
Donovan McNabb,donovan-mcnabb,QB,Syracuse
Donte Moncrief,donte-moncrief,WR,Mississippi
Donte' Stallworth,donte-stallworth,WR,Tennessee
Douglas Baldwin,douglas-baldwin,WR,Pittsburgh
Douglas Flutie,douglas-flutie,QB,
Douglas Martin,douglas-martin,RB,Boise State
Drake London,drake-london,WR,USC
Drew Bledsoe,drew-bledsoe,QB,Washington State
Drew Brees,drew-brees,QB,Purdue
Duce Staley,duce-staley,RB,South Carolina
Dulymus McAllister,dulymus-mcallister,RB,Mississippi
Dwayne Bowe,dwayne-bowe,WR,LSU
Earnest Graham,earnest-graham,RB,Florida
Eddie Kennison,eddie-kennison,WR,LSU
Eddie Lacy,eddie-lacy,RB,Alabama
Edgerrin James,edgerrin-james,RB,Miami
Edward George,edward-george,RB,Rice
Edward McCaffrey,edward-mccaffrey,WR,Duke
Elijah Mitchell,elijah-mitchell,RB,Louisiana-Lafayette
Elijah Moore,elijah-moore,WR,Mississippi
Elisha Manning,elisha-manning,QB,Mississippi
Elvis Grbac,elvis-grbac,QB,Michigan
Emmanuel Sanders,emmanuel-sanders,WR,SMU
Emmitt Smith,emmitt-smith,RB,Florida
Eric Decker,eric-decker,WR,Minnesota
Eric Moulds,eric-moulds,WR,Mississippi State
Errick Williams,errick-williams,RB,LSU
Eugene Hilton,eugene-hilton,WR,Florida International
Eugene Smith,eugene-smith,QB,West Virginia
Ezekiel Elliott,ezekiel-elliott,RB,Ohio State
Felix Jones,felix-jones,RB,Arkansas
Franklin Gore,franklin-gore,RB,Miami
Frederick Taylor,frederick-taylor,RB,Florida
Fredrick Jackson,fredrick-jackson,RB,Nebraska
Gabriel Davis,gabriel-davis,WR,Wake Forest
Gardner Minshew,gardner-minshew,QB,Washington State
Garrett Wilson,garrett-wilson,WR,Ohio State
Gerald Hearst,gerald-hearst,RB,
Giovani Bernard,giovani-bernard,RB,North Carolina
Golden Tate,golden-tate,WR,Notre Dame
Gregory Jennings,gregory-jennings,WR,Fresno State
Gustave Frerotte,gustave-frerotte,QB,
Hakeem Nicks,hakeem-nicks,WR,North Carolina
Harry Douglas,harry-douglas,WR,Louisville
Hines Ward,hines-ward,WR,Georgia
Hunter Renfrow,hunter-renfrow,WR,Clemson
Isaac Bruce,isaac-bruce,WR,Memphis
Isaac Hilliard,isaac-hilliard,WR,Florida
Isaiah Crowell,isaiah-crowell,RB,Alabama State
Isaiah Jones,isaiah-jones,WR,Miami
Isiah Pacheco,isiah-pacheco,RB,Rutgers
J.K. Dobbins,j-k-dobbins,RB,Ohio State
Ja'Marr Chase,ja-marr-chase,WR,LSU
Jacoby Brissett,jacoby-brissett,QB,N.C. State
Jacoby Jones,jacoby-jones,WR,Lane College
Jacquizz Rodgers,jacquizz-rodgers,RB,Oregon State
Jahmyr Gibbs,jahmyr-gibbs,RB,Alabama
Jake Delhomme,jake-delhomme,QB,Louisiana-Lafayette
Jakobi Meyers,jakobi-meyers,WR,N.C. State
Jalen Hurts,jalen-hurts,QB,Oklahoma
Jamaal Charles,jamaal-charles,RB,Texas
Jamaal Williams,jamaal-williams,RB,BYU
Jamal Lewis,jamal-lewis,RB,Tennessee
Jameis Winston,jameis-winston,QB,Florida State
James Allen,james-allen,RB,Oklahoma
James Conner,james-conner,RB,Pittsburgh
James Cook,james-cook,RB,Georgia
James Garoppolo,james-garoppolo,QB,Eastern Illinois
James Johnson,james-johnson,QB,Kansas State
James Jones,james-jones,WR,San Jose State
James Pennington,james-pennington,QB,Marshall
James Robinson,james-robinson,RB,Illinois State
James Smith,james-smith,WR,Clemson
James Starks,james-starks,RB,Buffalo
James Stewart,james-stewart,RB,Miami
James Thrash,james-thrash,WR,Missouri Southern
Jamison Crowder,jamison-crowder,WR,Duke
Jared Goff,jared-goff,QB,California
Jarius Wright,jarius-wright,WR,Arkansas
Jarvis Landry,jarvis-landry,WR,LSU
Jason Avant,jason-avant,WR,Michigan
Jason Campbell,jason-campbell,QB,Auburn
Jason Plummer,jason-plummer,QB,Arizona State
Javon Walker,javon-walker,WR,Florida State
Javonte Williams,javonte-williams,RB,North Carolina
Jay Cutler,jay-cutler,QB,Vanderbilt
Jay Fiedler,jay-fiedler,QB,Dartmouth
Jaylen Waddle,jaylen-waddle,WR,Alabama
Jeff Garcia,jeff-garcia,QB,San Jose State
Jeffery Blake,jeffery-blake,QB,
Jeffery Wilson,jeffery-wilson,RB,Duke
Jeremy Hill,jeremy-hill,RB,LSU
Jeremy Kerley,jeremy-kerley,WR,TCU
Jeremy Maclin,jeremy-maclin,WR,Missouri
Jerick McKinnon,jerick-mckinnon,RB,Georgia Southern
Jermaine Kearse,jermaine-kearse,WR,Washington
Jerome Bettis,jerome-bettis,RB,Notre Dame
Jerome Pathon,jerome-pathon,WR,Washington
Jerricho Cotchery,jerricho-cotchery,WR,N.C. State
Jerry Jeudy,jerry-jeudy,WR,Alabama
Jerry Porter,jerry-porter,WR,West Virginia
Jerry Rice,jerry-rice,WR,Mississippi Valley State University
Jimmy Smith,jimmy-smith,WR,Jackson State University
Joe Jurevicius,joe-jurevicius,WR,Penn State
Joe Mixon,joe-mixon,RB,Oklahoma
John Brown,john-brown,WR,Pittsburg State (KS)
John Harrington,john-harrington,QB,Oregon
John Smith-Schuster,john-smith-schuster,WR,USC
John Stafford,john-stafford,QB,Georgia
Johnnie Morton,johnnie-morton,WR,USC
Joique Bell,joique-bell,RB,Wayne State
Jon Kitna,jon-kitna,QB,Central Washington University
Jonathan Ajayi,jonathan-ajayi,RB,Boise State
Jonathan Losman,jonathan-losman,QB,Tulane
Jonathan Stewart,jonathan-stewart,RB,Oregon
Jonathan Taylor,jonathan-taylor,RB,Wisconsin
Jordan Howard,jordan-howard,RB,Indiana
Jordan Love,jordan-love,QB,Utah State
Jordy Nelson,jordy-nelson,WR,Kansas State
Joseph Addai,joseph-addai,RB,LSU
Joseph Burrow,joseph-burrow,QB,LSU
Joseph Flacco,joseph-flacco,QB,Delaware
Joseph Galloway,joseph-galloway,WR,East Carolina
Joseph Horn,joseph-horn,WR,Rocky Mountain College
Josh Freeman,josh-freeman,QB,Kansas State
Joshua Allen,joshua-allen,QB,Wyoming
Joshua Gordon,joshua-gordon,WR,Utah
Joshua Jacobs,joshua-jacobs,RB,Alabama
Joshua McCown,joshua-mccown,QB,Sam Houston State
Joshua Morgan,joshua-morgan,WR,Virginia Tech
Joshua Reed,joshua-reed,WR,LSU
Joshua Reynolds,joshua-reynolds,WR,Texas A&M
Julian Edelman,julian-edelman,WR,Kent State
Julius Jones,julius-jones,RB,Notre Dame
Justin Fargas,justin-fargas,RB,USC
Justin Fields,justin-fields,QB,Ohio State
Justin Forsett,justin-forsett,RB,California
Justin Gage,justin-gage,WR,Missouri
Justin Herbert,justin-herbert,QB,Oregon
Justin Jefferson,justin-jefferson,WR,LSU
Justin McCareins,justin-mccareins,WR,Northern Illinois
Kareem Hunt,kareem-hunt,RB,Toledo
Keelan Cole,keelan-cole,WR,Kentucky Wesleyan
Keenan Allen,keenan-allen,WR,California
Keenan McCardell,keenan-mccardell,WR,UNLV
Kelvin Benjamin,kelvin-benjamin,WR,Florida State
Kendall Wright,kendall-wright,WR,Baylor
Kendrick Bourne,kendrick-bourne,WR,Eastern Washington
Kenneth Barber,kenneth-barber,RB,Auburn
Kenneth Britt,kenneth-britt,WR,Rutgers
Kenneth Golladay,kenneth-golladay,WR,Northern Illinois
Kenneth Stills,kenneth-stills,WR,Oklahoma
Kenneth Walker,kenneth-walker,RB,Michigan State
Kenyan Drake,kenyan-drake,RB,Alabama
Kerry Collins,kerry-collins,QB,Penn State
Kevan Barlow,kevan-barlow,RB,Pittsburgh
Kevin Curtis,kevin-curtis,WR,Utah State
Kevin Faulk,kevin-faulk,RB,LSU
Kevin Johnson,kevin-johnson,WR,Syracuse
Kevin Jones,kevin-jones,RB,Virginia Tech
Kevin Kolb,kevin-kolb,QB,Houston
Kevin Smith,kevin-smith,RB,UCF
Kevin Walter,kevin-walter,WR,Eastern Michigan
Keyshawn Johnson,keyshawn-johnson,WR,USC
Khalil Herbert,khalil-herbert,RB,Virginia Tech
Kirk Cousins,kirk-cousins,QB,Michigan State
Knowshon Moreno,knowshon-moreno,RB,Georgia
Kordell Stewart,kordell-stewart,QB,Colorado
Koren Robinson,koren-robinson,WR,N.C. State
Kurtis Warner,kurtis-warner,QB,Northern Iowa
Kyle Boller,kyle-boller,QB,California
Kyle Orton,kyle-orton,QB,Purdue
Kyler Murray,kyler-murray,QB,Oklahoma
Kyren Williams,kyren-williams,RB,Notre Dame
LaDainian Tomlinson,ladainian-tomlinson,RB,TCU
LaMont Jordan,lamont-jordan,RB,Maryland
Ladell Betts,ladell-betts,RB,Iowa
Lamar Jackson,lamar-jackson,QB,Louisville
Lamar Miller,lamar-miller,RB,Miami
Lamar Smith,lamar-smith,RB,Houston
Lance Moore,lance-moore,WR,Toledo
Larry Fitzgerald,larry-fitzgerald,WR,Pittsburgh
Larry Johnson,larry-johnson,RB,Penn State
Latavius Murray,latavius-murray,RB,UCF
Laurence Maroney,laurence-maroney,RB,Minnesota
Laveranues Coles,laveranues-coles,WR,Florida State
Lavonya Carter,lavonya-carter,QB,Georgia
Le'Veon Bell,le-veon-bell,RB,Michigan State
LeGarrette Blount,legarrette-blount,RB,Oregon
LeSean McCoy,lesean-mccoy,RB,Pittsburgh
Lee Evans,lee-evans,WR,Wisconsin
Leon Washington,leon-washington,RB,Florida State
Leonard Fournette,leonard-fournette,RB,LSU
Malcom Floyd,malcom-floyd,WR,Wyoming
Marc Bulger,marc-bulger,QB,West Virginia
Marcel Shipp,marcel-shipp,RB,UMass Amherst
Marcus Mariota,marcus-mariota,QB,Oregon
Marcus Robinson,marcus-robinson,WR,South Carolina
Mario Manningham,mario-manningham,WR,Michigan
Marion Barber,marion-barber,RB,Minnesota
Mark Brunell,mark-brunell,QB,Washington
Mark Clayton,mark-clayton,WR,Oklahoma
Mark Ingram,mark-ingram,RB,Alabama
Mark Sanchez,mark-sanchez,QB,USC
Marlon Mack,marlon-mack,RB,University of South Florida
Marques Colston,marques-colston,WR,Hofstra
Marquez Valdes-Scantling,marquez-valdes-scantling,WR,University of South Florida
Marquise Brown,marquise-brown,WR,Oklahoma
Marshall Faulk,marshall-faulk,RB,San Diego State
Marshawn Lynch,marshawn-lynch,RB,California
Marty Booker,marty-booker,WR,Louisiana-Monroe
Marvin Harrison,marvin-harrison,WR,Ohio State
Marvin Jones,marvin-jones,WR,California
Matthew Breida,matthew-breida,RB,Georgia Southern
Matthew Cassel,matthew-cassel,QB,USC
Matthew Forte,matthew-forte,RB,Tulane
Matthew Hasselbeck,matthew-hasselbeck,QB,Boston College
Matthew Moore,matthew-moore,QB,Boise State
Matthew Ryan,matthew-ryan,QB,Boston College
Matthew Schaub,matthew-schaub,QB,Virginia
Maurice Jones-Drew,maurice-jones-drew,RB,UCLA
Maurice Morris,maurice-morris,RB,Oregon
Melvin Gordon,melvin-gordon,RB,Wisconsin
Mewelde Moore,mewelde-moore,RB,Tulane
Michael Anderson,michael-anderson,RB,Utah
Michael Bell,michael-bell,RB,Arizona
Michael Bennett,michael-bennett,RB,Wisconsin
Michael Burkhead,michael-burkhead,RB,Nebraska
Michael Bush,michael-bush,RB,Louisville
Michael Clayton,michael-clayton,WR,LSU
Michael Crabtree,michael-crabtree,WR,Texas Tech
Michael Evans,michael-evans,WR,Texas A&M
Michael Floyd,michael-floyd,WR,Notre Dame
Michael Furrey,michael-furrey,WR,Northern Iowa
Michael Gallup,michael-gallup,WR,Colorado State
Michael Glennon,michael-glennon,QB,N.C. State
Michael Jenkins,michael-jenkins,WR,Ohio State
Michael Jones,michael-jones,QB,Arizona State
Michael Pittman,michael-pittman,RB,Fresno State
Michael Pittman,michael-pittman-wr-f0130678,WR,USC
Michael Thomas,michael-thomas,WR,Ohio State
Michael Turner,michael-turner,RB,Northern Illinois
Michael Vick,michael-vick,QB,Virginia Tech
Michael Williams,michael-williams-wr-1856a76a,WR,Clemson
Michael Williams,michael-williams,WR,Syracuse
Mike Davis,mike-davis,RB,South Carolina
Miles Austin,miles-austin,WR,Monmouth
Miles Sanders,miles-sanders,RB,Penn State
Mitchell Trubisky,mitchell-trubisky,QB,North Carolina
Mohamed Sanu,mohamed-sanu,WR,Rutgers
Muhsin Muhammad,muhsin-muhammad,WR,Michigan State
Najee Harris,najee-harris,RB,Alabama
Najeh Davenport,najeh-davenport,RB,Miami
Nathaniel Burleson,nathaniel-burleson,WR,Nevada
Nathaniel Washington,nathaniel-washington,WR,Tennessee
Nelson Agholor,nelson-agholor,WR,USC
Nicholas Chubb,nicholas-chubb,RB,Georgia
Nicholas Foles,nicholas-foles,QB,Arizona
Nicholas Mullens,nicholas-mullens,QB,Southern Mississippi
Nick Goings,nick-goings,RB,Pittsburgh
Nico Collins,nico-collins,WR,Michigan
Odell Beckham,odell-beckham,WR,LSU
Patrick Crayton,patrick-crayton,WR,Northwestern Oklahoma State University
Patrick Mahomes,patrick-mahomes,QB,Texas Tech
Patrick Ramsey,patrick-ramsey,QB,Tulane
Paul Lock,paul-lock,QB,Missouri
Peerless Price,peerless-price,WR,Tennessee
Percy Harvin,percy-harvin,WR,Florida
Peter Warrick,peter-warrick,WR,Florida State
Peyton Hillis,peyton-hillis,RB,Arkansas
Peyton Manning,peyton-manning,QB,Tennessee
Philip Rivers,philip-rivers,QB,N.C. State
Phillip Lindsay,phillip-lindsay,RB,Colorado
Pierre Garcon,pierre-garcon,WR,Mount Union College
Plaxico Burress,plaxico-burress,WR,Michigan State
Priest Holmes,priest-holmes,RB,Texas
Puka Nacua,puka-nacua,WR,BYU
Quintorres Jones,quintorres-jones,WR,Alabama
Rachaad White,rachaad-white,RB,Arizona State
Randall Cobb,randall-cobb,WR,Kentucky
Randy Johnson,randy-johnson,RB,Georgia
Randy Moss,randy-moss,WR,Marshall
Rashad Jennings,rashad-jennings,RB,Liberty
Rashard Mendenhall,rashard-mendenhall,RB,Illinois
Raymell Rice,raymell-rice,RB,Rutgers
Rayne Prescott,rayne-prescott,QB,Mississippi State
Reginald Bush,reginald-bush,RB,USC
Reginald Wayne,reginald-wayne,WR,Miami
Reuben Droughns,reuben-droughns,RB,Oregon
Rex Grossman,rex-grossman,QB,Florida
Rhamondre Stevenson,rhamondre-stevenson,RB,Oklahoma
Richard Gannon,richard-gannon,QB,Delaware
Richard Proehl,richard-proehl,WR,Wake Forest
Rishard Matthews,rishard-matthews,WR,Nevada
Robby Bortles,robby-bortles,QB,UCF
Robert Chosen,robert-chosen,WR,Temple
Robert Griffin,robert-griffin,QB,Baylor
Robert Wade,robert-wade,WR,Arizona
Robert Woods,robert-woods,WR,USC
Rod Godwin,rod-godwin,WR,Penn State
Roderick Gardner,roderick-gardner,WR,Clemson
Roderick Smith,roderick-smith,WR,Arkansas
Ronald Dayne,ronald-dayne,RB,Wisconsin
Ronald Jones,ronald-jones,RB,USC
Ronnie Brown,ronnie-brown,RB,Auburn
Ronnie Hillman,ronnie-hillman,RB,San Diego State
Roy Williams,roy-williams,WR,Texas
Royce Freeman,royce-freeman,RB,Oregon
Rudi Johnson,rudi-johnson,RB,Auburn
Russell Gage,russell-gage,WR,LSU
Russell Wilson,russell-wilson,QB,Wisconsin
Ryan Fitzpatrick,ryan-fitzpatrick,QB,Harvard
Ryan Grant,ryan-grant,RB,Notre Dame
Ryan Mathews,ryan-mathews,RB,Fresno State
Ryan Tannehill,ryan-tannehill,QB,Texas A&M
Sam Darnold,sam-darnold,QB,USC
Samaje Perine,samaje-perine,RB,Oklahoma
Samuel Bradford,samuel-bradford,QB,Oklahoma
Samuel Morris,samuel-morris,RB,Texas Tech
Samuel Watkins,samuel-watkins,WR,Clemson
Santana Moss,santana-moss,WR,Miami
Santonio Holmes,santonio-holmes,WR,Ohio State
Saquon Barkley,saquon-barkley,RB,Penn State
Sharod White,sharod-white,WR,Michigan State
Shaun Alexander,shaun-alexander,RB,Alabama
Shaun Hill,shaun-hill,QB,Maryland
Shaun McDonald,shaun-mcdonald,WR,Arizona State
Shonn Greene,shonn-greene,RB,Iowa
Sidney Rice,sidney-rice,WR,South Carolina
Simon Engram,simon-engram,WR,
Sony Michel,sony-michel,RB,Georgia
Stacey Mack,stacey-mack,RB,Temple
Stefon Diggs,stefon-diggs,WR,Maryland
Stephen Beuerlein,stephen-beuerlein,QB,Notre Dame
Stephen Davis,stephen-davis,RB,Auburn
Sterling Shepard,sterling-shepard,WR,Oklahoma
Stevan Ridley,stevan-ridley,RB,LSU
Steve McNair,steve-mcnair,QB,Alcorn State
Steven Breaston,steven-breaston,WR,Michigan
Steven Jackson,steven-jackson,RB,Oregon State
Steven Johnson,steven-johnson,WR,Kentucky
Steven Slaton,steven-slaton,RB,West Virginia
Steven Smith,steven-smith,WR,USC
Stevonne Smith,stevonne-smith,WR,Utah
Tai Streets,tai-streets,WR,Michigan
Tamurice Higgins,tamurice-higgins,WR,Clemson
Tarvaris Jackson,tarvaris-jackson,QB,Alabama State
Tatum Bell,tatum-bell,RB,Oklahoma State
Tavon Austin,tavon-austin,WR,West Virginia
Taylor Gabriel,taylor-gabriel,WR,Abilene Christian
Taylor Heinicke,taylor-heinicke,QB,Old Dominion
Terrance West,terrance-west,RB,Towson State
Terrance Williams,terrance-williams,WR,Baylor
Terrell Owens,terrell-owens,WR,Tennessee-Chattanooga
Terry Glenn,terry-glenn,WR,Ohio State
Terry McLaurin,terry-mclaurin,WR,Ohio State
Tevin Coleman,tevin-coleman,RB,Indiana
Theodore Bridgewater,theodore-bridgewater,QB,Louisville
Theodore Ginn,theodore-ginn,WR,Ohio State
Thomas Brady,thomas-brady,QB,Michigan
Thomas Jones,thomas-jones,RB,Virginia
Thomas Maddox,thomas-maddox,QB,
Timothy Brown,timothy-brown,WR,Notre Dame
Timothy Couch,timothy-couch,QB,Kentucky
Timothy Hightower,timothy-hightower,RB,Richmond
Timothy Yeldon,timothy-yeldon,RB,Alabama
Todd Duckett,todd-duckett,RB,Michigan State
Todd Gurley,todd-gurley,RB,Georgia
Tony Pollard,tony-pollard,RB,Memphis
Torry Holt,torry-holt,WR,N.C. State
Touraj Houshmandzadeh,touraj-houshmandzadeh,WR,Oregon State
Travis Benjamin,travis-benjamin,WR,Miami
Travis Etienne,travis-etienne,RB,Clemson
Travis Henry,travis-henry,RB,Tennessee
Travis Taylor,travis-taylor,WR,Florida
Trent Dilfer,trent-dilfer,QB,Fresno State
Trent Edwards,trent-edwards,QB,Stanford
Trent Green,trent-green,QB,Indiana
Trevor Siemian,trevor-siemian,QB,Northwestern
Troy Brown,troy-brown,WR,Marshall
Troy Hambrick,troy-hambrick,RB,Savannah State College
Tuanigamanuolepola Tagovailoa,tuanigamanuolepola-tagovailoa,QB,Alabama
Tyler Allgeier,tyler-allgeier,RB,BYU
Tyler Boyd,tyler-boyd,WR,Pittsburgh
Tyler Lockett,tyler-lockett,WR,Kansas State
Tyreek Hill,tyreek-hill,WR,West Alabama
Tyrell Williams,tyrell-williams,WR,Western Oregon
Tyrod Taylor,tyrod-taylor,QB,Virginia Tech
Tyrone Wheatley,tyrone-wheatley,RB,Michigan
Tyshun Samuel,tyshun-samuel,WR,South Carolina
Victor Cruz,victor-cruz,WR,UMass Amherst
Vincent Jackson,vincent-jackson,WR,Northern Colorado
Vincent Testaverde,vincent-testaverde,QB,Miami
Vincent Young,vincent-young,QB,Texas
Warrick Dunn,warrick-dunn,RB,Florida State
Wayne Chrebet,wayne-chrebet,WR,Hofstra
Wesley Welker,wesley-welker,WR,Texas Tech
William Fuller,william-fuller,WR,Notre Dame
William Green,william-green,RB,Boston College
William Lawrence,william-lawrence,QB,Clemson
William Royal,william-royal,WR,Virginia Tech
William Schroeder,william-schroeder,WR,Wisconsin La Crosse
Willie Parker,willie-parker,RB,North Carolina
Willie Snead,willie-snead,WR,Ball State
Willis McGahee,willis-mcgahee,RB,Miami
Zaccheus Moss,zaccheus-moss,RB,Utah
Zachary Wilson,zachary-wilson,QB,BYU
