id,full_name,player_slug,position
ed9837ca-e903-46b2-8f2f-0b3c7a44db25,Aaron Brooks,aaron-brooks,QB
b37d5547-2d53-49d3-bad8-906860148f16,Aaron Jones,aaron-jones,RB
6de2b11d-1be3-428d-97f6-d3f89b636402,Aaron Rodgers,aaron-rodgers,QB
2fe6a941-fc8d-4588-8c5a-deb92e31c2e3,Adam Humphries,adam-humphries,WR
798fb1b6-3f57-4675-aca1-e1896112d533,Adam Thielen,adam-thielen,WR
d6e586f8-7d9c-4c56-843c-ee72f62da5a7,Adrian Bryson,adrian-bryson,RB
01bdec33-8423-4bdf-a0de-b2e8e3d62e18,Adrian Peterson,adrian-peterson,RB
f9199b14-a0c9-4dc6-b1f5-184eb9ce25af,Adriel Green,adriel-green,WR
0aff827a-4147-4749-bf67-03b3693d9555,Ahmad Bradshaw,ahmad-bradshaw,RB
ca9cc667-7494-4157-b55d-261a41efa587,Ahman Green,ahman-green,RB
56ca6a4d-e457-4493-a095-c19b3766f0d8,Albert Wilson,albert-wilson,WR
7ea587d0-5533-48b6-a6db-fcd51f843ff8,Alexander Collins,alexander-collins,RB
659ab985-445b-4b04-8660-edcc30bf489c,Alexander Mattison,alexander-mattison,RB
5feca194-bf9d-4893-bbd3-f98a026357f1,Alexander Smith,alexander-smith,QB
4e1a494b-e8c8-42a4-b517-923d96867d3f,Alfred Blue,alfred-blue,RB
e99db92a-5274-42d9-b46b-9d6e33115d27,Alfred Morris,alfred-morris,RB
c8dae891-e5e3-4115-9e8d-e8c8775ad2b6,Algiers Dillon,algiers-dillon,RB
a91ad910-31b9-4fb3-a23b-72f068260802,Allen Hurns,allen-hurns,WR
fc0801cf-6504-49c9-8638-4527fa4e0c03,Allen Lazard,allen-lazard,WR
876c90cc-3288-4a69-b627-e014cfe469b6,Allen Robinson,allen-robinson,WR
18b80136-69a0-4242-90ae-f97c55bb6611,Alshon Jeffery,alshon-jeffery,WR
24af9e32-4995-4651-9315-fbacf146f322,Alvin Kamara,alvin-kamara,RB
0d416692-cc40-4b11-ab03-4c1b7c6ee36b,Amani Toomer,amani-toomer,WR
866949e0-6f76-4316-a432-7593baa57a15,Amari Cooper,amari-cooper,WR
0f28fd30-e584-4c7a-b53d-dff2426c50c2,Ameer Abdullah,ameer-abdullah,RB
496652f8-1dc2-425d-8304-85f6cc908a13,Amon-Ra St. Brown,amon-ra-st-brown,WR
6d244db7-5e89-43d5-aeaa-cd3c9d0515d8,Amos Zereoue,amos-zereoue,RB
abaf70d5-959b-49d7-9637-23026f3fb44e,Andre Ellington,andre-ellington,RB
4e79bdff-66c1-4687-a10d-4e1da137d0c7,Andre Johnson,andre-johnson,WR
3b5299e4-6a0b-4c52-85bc-07baa804718e,Andre Roberts,andre-roberts,WR
fbc1bab6-420b-4430-87d3-2954e90e2849,Andrew Bennett,andrew-bennett,WR
b2121573-ab8e-4cb6-ac61-c57b6fe15030,Andrew Dalton,andrew-dalton,QB
ee4d3913-4520-4f91-bcde-6a5f03bf5c1d,Andrew Hawkins,andrew-hawkins,WR
97fe4723-e296-4b6e-8bf5-6365369d0346,Andrew Luck,andrew-luck,QB
adfcfcc9-a349-4cf3-b1a3-dfa15cf9156c,Anquan Boldin,anquan-boldin,WR
6a4545d2-9a7e-448f-bd0f-9296fbe7090d,Antarral Pinkston,antarral-pinkston,WR
cfee43a5-58ce-4394-9ee0-26ae40725584,Anthony Branch,anthony-branch,WR
4d6f1e29-53ea-4362-9631-d5367f35a1a8,Anthony Thomas,anthony-thomas,RB
ac964ffc-bc7b-4a13-ab5f-e6857885da46,Anthony White,anthony-white,RB
098f999b-deb1-4e59-98e4-1b4217d417aa,Antonio Brown,antonio-brown,WR
18ccf29b-bd52-463b-9527-92342110ea21,Antonio Bryant,antonio-bryant,WR
08aff993-35ce-454f-97b0-2b900cd0ed4a,Antonio Gibson,antonio-gibson,RB
8eb1df7f-06cb-470c-8ae0-c15355f9e2f5,Antonio Romo,antonio-romo,QB
af16b77b-2380-445b-905c-e4c2a1dcaa92,Antowain Smith,antowain-smith,RB
5ddc9941-4f2d-442e-ba69-365c7196ba75,Arian Foster,arian-foster,RB
98c97223-a0a5-490c-a946-47b492bf0cae,Arthur Brown,arthur-brown,WR
dc83cffc-12f9-4c4a-ada5-09adc440afd4,Ashley Lelie,ashley-lelie,WR
49016b85-3b4f-41bb-aa09-64efc3425a66,Atiim Barber,atiim-barber,RB
70522a8c-5a23-4998-9793-fa419e25027c,Augustus Edwards,augustus-edwards,RB
78e09597-8b73-419e-8366-779b2adc170e,Austin Collie,austin-collie,WR
a9bf4d7f-5de0-4556-b319-959ff0fa72bb,Austin Ekeler,austin-ekeler,RB
b900f56c-64e7-4e15-8e35-dfb4f877f563,Az-Zahir Hakim,az-zahir-hakim,WR
33b7b173-9fe5-4fbc-8934-a10a38a3921c,Baker Mayfield,baker-mayfield,QB
6cf5b8f3-ba7c-4dff-890f-0ac0751414d1,BenJarvus Green-Ellis,benjarvus-green-ellis,RB
44b4c21f-3fcf-4d17-9cfc-6f2009a81ead,Benjamin Roethlisberger,benjamin-roethlisberger,QB
1db2ac14-fa19-4d07-8734-cc0b47623618,Benjamin Tate,benjamin-tate,RB
6b4e60c1-4ba7-4a4b-8188-3c723ce79fb1,Bernard Berrian,bernard-berrian,WR
fd4f0391-f39c-487f-8ce6-239b9e44805e,Bernard Pierce,bernard-pierce,RB
2a7f8adf-f3ce-4259-9a7c-6485e03c7b8a,Bijan Robinson,bijan-robinson,RB
1158f660-b7af-45fb-9fb5-07809ed628da,Bilal Powell,bilal-powell,RB
83064734-c0e1-4192-aabc-01b86e760a46,Blaine Gabbert,blaine-gabbert,QB
eaafe01e-4935-46ff-a379-00ac5e846975,Brandin Cooks,brandin-cooks,WR
4af6b91a-756f-4c40-a37e-6571b981a4cd,Brandon Aiyuk,brandon-aiyuk,WR
a52a95c9-da62-47bb-a28f-961a60413e8c,Brandon Gibson,brandon-gibson,WR
babed1d0-e858-45df-bb7f-78593e550b49,Brandon Jacobs,brandon-jacobs,RB
ee66c7b2-6461-4367-8121-08f459198ec8,Brandon LaFell,brandon-lafell,WR
06b4c9ce-4d55-498c-9432-1f5f9e5ea367,Brandon Lloyd,brandon-lloyd,WR
bcce3986-cbbe-4e5d-91b7-aaa146424e4f,Brandon Marshall,brandon-marshall,WR
57fe136d-28f7-4b90-a62c-75c3e752da32,Brandon Stokley,brandon-stokley,WR
dbbc31a6-d9f1-41e5-8e64-e4e959922768,Brandon Weeden,brandon-weeden,QB
b93db5ab-fb2e-44b8-bf35-3e1721b4ef9f,Braylon Edwards,braylon-edwards,WR
abce4453-bdea-41e9-be35-afff98cd8789,Breece Hall,breece-hall,RB
0caac9cf-b925-412a-b447-99c39d40577e,Brett Favre,brett-favre,QB
a6267a34-5fab-4453-88e2-924eb2171766,Brian Finneran,brian-finneran,WR
61f34eb6-ab94-4a48-bb89-e2534ec6625c,Brian Griese,brian-griese,QB
60ef31da-4b12-4e89-9f4d-31543b207ea4,Brian Hartline,brian-hartline,WR
daad4627-b247-4e5e-ac1e-ec2b4ef2e960,Brian Hoyer,brian-hoyer,QB
9036ae61-7145-46e9-83c7-c975d15050ab,Brian Robinson,brian-robinson,RB
719f5476-ae98-44ec-8a4c-63dc88d2f1e1,Brian Westbrook,brian-westbrook,RB
bfd240b7-45d8-433b-879b-8e928ce58e6d,Brock Osweiler,brock-osweiler,QB
fba340d6-e12c-4018-8843-4e40b09fecce,Brock Purdy,brock-purdy,QB
fbad8aa1-857a-4423-a3a8-5f3353a49f87,Bryan Holcomb,bryan-holcomb,QB
5e235fc8-d14e-478e-b563-ae23f8ba730d,Bryant Johnson,bryant-johnson,WR
c8791931-1976-4dc8-9343-f1a0100f46fc,Bryce Young,bryce-young,QB
4d200222-8dfa-4478-b808-9335a279b2dd,Burnell Wallace,burnell-wallace,WR
5ed6aceb-5cc5-4df7-911e-7b88557f748b,Byron Leftwich,byron-leftwich,QB
f2d4e9db-db3d-476e-92f0-b5324afd78f2,Calvin Johnson,calvin-johnson,WR
673550fc-7c89-4958-995e-a3446ca60fd6,Calvin Ridley,calvin-ridley,WR
11e0f740-d4e9-4f99-ae7e-02fe941cf3c1,Cam Akers,cam-akers,RB
5fa7be43-b6e4-4419-8b74-6e9db3ff7866,Cameron Newton,cameron-newton,QB
20109fd8-80c3-4976-a8e0-e453976ba828,Carey Hardman,carey-hardman,WR
3b64781d-0dba-49c8-8ab7-2951510c2c68,Carlos Hyde,carlos-hyde,RB
3a0e79c7-f1f1-42ca-8e7e-3c4b188d14b5,Carnell Williams,carnell-williams,RB
5c97c302-c535-48fc-913d-8635e9324d3e,Carson Palmer,carson-palmer,QB
37dae35f-d706-47ba-9e24-51889de6316a,Carson Wentz,carson-wentz,QB
8b11236a-9d3b-430e-bef4-fb9ccb18259f,Casey Keenum,casey-keenum,QB
8cc14f1c-bd55-41a0-b76b-add78cf7a279,Cecil Shorts,cecil-shorts,WR
89402698-56f8-47e0-a635-2d4ece0741da,Cedarian Lamb,cedarian-lamb,WR
36a80e36-7376-4fc4-a311-65b32a08c572,Cedric Benson,cedric-benson,RB
138b7ed8-016b-4668-b2f9-baa37108b93c,Chad Henne,chad-henne,QB
24a7c5b1-47a5-459e-8050-6e1c06a9793b,Chad Johnson,chad-johnson,WR
c5a80cf6-f59d-48db-a099-8333c494c9c7,Charles Batch,charles-batch,QB
50df6637-ff21-42db-8638-aadc12a817ee,Charles Garner,charles-garner,RB
1fd11af0-bd89-4691-be7e-5abc75327bd1,Charles Thomas,charles-thomas,RB
1a8c643b-133c-49bc-9fa4-1b6d46dcb20a,Chase Edmonds,chase-edmonds,RB
b98ad29d-ebbd-4d0d-aea6-3f88218a8710,Chester Taylor,chester-taylor,RB
706e76ba-d933-4865-aa8a-9208778f1009,Chris Chambers,chris-chambers,WR
63d08818-4582-489e-a9bb-9f43a648a6db,Chris Wells,chris-wells,RB
8514a028-cf49-4307-896a-a55a77ed239a,Christian Conley,christian-conley,WR
e7b46521-8e03-483f-bd26-5ecd5e5d782a,Christian Kirk,christian-kirk,WR
bf522ba4-f03f-4444-bedb-d1c7b7f0e4f4,Christian McCaffrey,christian-mccaffrey,RB
5a0980e2-d364-4778-bd48-773d946a9603,Christian Ponder,christian-ponder,QB
5947879f-1158-4d82-93fc-862cca706543,Christopher Brown,christopher-brown,RB
ab0b43db-1377-4914-b00d-32fa93a39d5a,Christopher Carson,christopher-carson,RB
93365a50-dcde-49ee-bb32-1a40898d2454,Christopher Chandler,christopher-chandler,QB
b8274194-ab5f-4952-a710-ecf1acb3749b,Christopher Hogan,christopher-hogan,WR
b5d04a06-6583-4801-a78f-c6703c2ea94e,Christopher Ivory,christopher-ivory,RB
84130f34-928b-4bfc-a2d9-d1a55ba0da72,Christopher Johnson,christopher-johnson,RB
2b5f80c5-fe91-457e-a547-1023fcf390c3,Chuba Hubbard,chuba-hubbard,RB
08f821cb-6acd-4f39-a7d3-6bc29f167177,Clifford Spiller,clifford-spiller,RB
6d448731-321c-4641-8b01-dab40e24864f,Clinton Portis,clinton-portis,RB
3bbc4c66-5149-4329-9e67-dd1ba177ee58,Clyde Edwards-Helaire,clyde-edwards-helaire,RB
516aa134-c1df-466c-b042-9d28755c44eb,Cole Beasley,cole-beasley,WR
28abba30-6263-480c-8432-36c092a0a681,Coleridge Stroud,coleridge-stroud,QB
80b7620d-8e56-4f84-ba70-f8c4fcc03251,Colin Kaepernick,colin-kaepernick,QB
f7d06eb0-5025-4b07-a819-fe339edbe986,Cooper Kupp,cooper-kupp,WR
64107ce6-0d25-4815-90de-0f33a07d00de,Cordarrelle Patterson,cordarrelle-patterson,RB
a59c5159-1108-4fbd-80e7-90bd8c86cd20,Corey Davis,corey-davis,WR
a126be02-a71f-46b2-8a92-c680f4787c10,Corey Dillon,corey-dillon,RB
7c5e9ab8-7cb2-4a39-b29e-b96f667e6235,Correll Buckhalter,correll-buckhalter,RB
d17e74af-0548-49a7-819c-49a7907f919d,Cortrelle Anderson,cortrelle-anderson,RB
e2b17da7-9d87-46bc-9bd8-059a97de865b,Courtland Sutton,courtland-sutton,WR
269cb359-afca-4788-bcdf-48b92c122519,Curtis Conway,curtis-conway,WR
abdef712-93d3-40af-9fcd-06bc46eb3a26,Curtis Martin,curtis-martin,RB
ade02632-9f56-4ad7-a3c0-5bcc894b5b1a,Curtis Samuel,curtis-samuel,WR
65315b67-882f-4acb-80a0-aa4f3acae024,D'Andre Swift,d-andre-swift,RB
1739a817-5221-43db-981a-0a23ce5b35a1,D'Onta Foreman,d-onta-foreman,RB
39ab0512-eabb-47d6-96db-52509219886b,Dalvin Cook,dalvin-cook,RB
e100d3d0-9989-4b9e-ac56-6e6ea4197d8b,Dameon Pierce,dameon-pierce,RB
1bdbffd9-935e-4b0b-afe8-c035e1a900a0,Damien Harris,damien-harris,RB
5e5bb1f3-2fca-4da0-9b0b-caa95d23bdc0,Damien Williams,damien-williams,RB
85e45615-50d7-4b3d-8bec-73f749888473,Daniel Amendola,daniel-amendola,WR
b9d53e9d-8145-4fde-84a8-0279b76b212a,Daniel Jones,daniel-jones,QB
46b9c2ed-c0fb-4c9b-a6a9-bed3150e0999,Daniel McCoy,daniel-mccoy,QB
6daefc11-22b3-4136-80a0-124593c3049f,Daniel Thomas,daniel-thomas,RB
fe91be27-5919-4088-b9e8-160c0eae9181,Danny Woodhead,danny-woodhead,RB
b809cc50-1f06-454e-b4f6-793ed787d0ec,Darius Slayton,darius-slayton,WR
84502586-9736-4cea-a2b0-1305e93973c6,Darnell Mooney,darnell-mooney,WR
347b4040-96a0-4f52-b4a9-2c8321db9dd2,Darrell Chark,darrell-chark,WR
562d0c11-8937-4e43-a4de-f507551645c5,Darrell Henderson,darrell-henderson,RB
b70ce0bc-7ef7-47d7-8ee0-1e71dd7b824f,Darrell Jackson,darrell-jackson,WR
4d52185e-3ae9-4fb0-a623-fa4fa34a07a3,Darren McFadden,darren-mcfadden,RB
627c6f8d-a699-4e9c-82c7-49d2b51460db,Darren Sproles,darren-sproles,RB
022f6b2a-75f6-4856-8627-c405255fc8ca,Darrius Heyward-Bey,darrius-heyward-bey,WR
33fa0ea1-57ff-4854-8c14-d7b29b268104,Daunte Culpepper,daunte-culpepper,QB
d0ea8110-3257-4e6a-a36e-2abcf06d997a,Davante Adams,davante-adams,WR
c803f28c-9326-4c2d-8e3c-0f5a48494d46,David Boston,david-boston,WR
288627ca-3d7d-44f8-afef-b474b60c8823,David Carr,david-carr,QB
68f722c0-ade5-4e26-9bce-1ed944385cef,David Garrard,david-garrard,QB
7301418c-0d95-46ad-8a44-635f30246ec0,David Givens,david-givens,WR
4d246cce-7c95-4b67-87fc-1fb980bb2c9c,David Johnson,david-johnson,RB
55f113f6-f433-44dd-b13e-4163165672e9,David Montgomery,david-montgomery,RB
d8b54787-77c5-49f6-aa05-a43c7ffe14a7,David Patten,david-patten,WR
9e67eb11-bcf1-4275-b317-b1db90ff09b1,Davis Mills,davis-mills,QB
0f67ce81-eaaf-4437-8213-204e935b7d13,Davone Bess,davone-bess,WR
23b85edd-c979-46bc-9a05-8063ef5b69f1,DeAndre Hopkins,deandre-hopkins,WR
dbc212fb-6511-45d2-b395-94e1d92d5057,DeAngelo Williams,deangelo-williams,RB
7b409937-3783-4332-9951-11f1c338efe0,DeKaylin Metcalf,dekaylin-metcalf,WR
91b8178d-3978-40c0-b9fa-264c952ef418,DeMarco Murray,demarco-murray,RB
1675ba48-7c1f-448a-bc63-3d57ae7ef363,DeSean Jackson,desean-jackson,WR
f23fc215-249b-453f-b6cb-1d0b74e4311a,DeShaun Foster,deshaun-foster,RB
56cfbe5c-9aae-4228-aa07-12b9cc976da5,DeVante Parker,devante-parker,WR
758a6e65-aa86-4ec2-ab8d-ac4324729b09,DeVonta Smith,devonta-smith,WR
a8adfc95-ab56-4b4f-bc14-4cc1dd4d2093,Demarcus Robinson,demarcus-robinson,WR
14381f79-866d-4fb0-b353-edb7f15ec15e,Demaryius Thomas,demaryius-thomas,WR
3c30ca35-a68f-4ac0-a623-756fa7effbf3,Dennis Northcutt,dennis-northcutt,WR
36bdf513-7a7c-4147-8e13-161f007888cc,Denniston Moore,denniston-moore,WR
59ccbe2a-54de-43e4-b255-5ca857fe8cde,Derek Anderson,derek-anderson,QB
742ed947-92a7-4ddc-b613-5263479adbef,Derek Carr,derek-carr,QB
900e8cba-a052-4506-879c-59855067aed2,Derrick Gaffney,derrick-gaffney,WR
2496140d-a671-4122-a945-8a75b1b27a96,Derrick Henry,derrick-henry,RB
8e35d348-fcad-4187-b650-f832fd96448f,Derrick Mason,derrick-mason,WR
c59b5a8f-0b01-4c3a-b847-2893e3927cda,Derrick Ward,derrick-ward,RB
3ae721aa-f0c7-4f03-9d2d-8d33771923b2,Derrick Watson,derrick-watson,QB
6ef968ae-bac1-4edb-9c2c-57e52212da9e,Desmond Bryant,desmond-bryant,WR
db3f722b-04f6-4098-8ec3-65bd66151f98,Devery Henderson,devery-henderson,WR
d09ccec0-c774-4ac0-af20-868977fe48ea,Devin Hester,devin-hester,WR
053879c5-5bb4-4329-9d89-eb4733fa00c3,Devin Singletary,devin-singletary,RB
56c9f572-1e42-46e1-8f4a-7f938a490369,Devonta Freeman,devonta-freeman,RB
1e37f116-9484-4240-bae3-145949eb684f,Devontae Booker,devontae-booker,RB
ffe9d7b8-7e31-4188-a1ba-b070f7331436,Dexter McCluster,dexter-mccluster,WR
b95bb68d-3c74-46ad-9798-a89c4eec0dca,Dion Lewis,dion-lewis,RB
49164cab-d36e-470d-bce3-33f2dbeb482f,Diontae Johnson,diontae-johnson,WR
b42a2183-e2f9-45ee-a20b-f87a12f51d8a,Domanick Williams,domanick-williams,RB
a9d12494-62e3-4506-873d-6d4f119fe158,Dominic Rhodes,dominic-rhodes,RB
03a32bd6-754f-4a89-97bc-24bfa23baaac,Dominique Mostert,dominique-mostert,RB
205df031-2283-46b8-947f-590654dc704c,Donald Brown,donald-brown,RB
da9b5d20-d998-4ac4-b7a6-ce189a79e12c,Donald Driver,donald-driver,WR
745c0977-a884-4ab4-9460-c747f5e9410c,Donnie Avery,donnie-avery,WR
194c6908-05a6-493f-bf6c-6a5ead9069ac,Donovan McNabb,donovan-mcnabb,QB
7dcc6570-ec2d-43ce-84d1-57e3b44525af,Donte Moncrief,donte-moncrief,WR
154eadfc-38cd-43fb-b2ed-07e27cc8c0f1,Donte' Stallworth,donte-stallworth,WR
c6c27622-da80-4bb1-a5bd-e1f25dc4f650,Douglas Baldwin,douglas-baldwin,WR
b886df58-f82b-479c-ba57-30dff206abf0,Douglas Flutie,douglas-flutie,QB
30e365d4-c2b5-4db4-988c-9b9fb9b0b05e,Douglas Martin,douglas-martin,RB
6d952a93-52bf-4733-babf-53d30ba35d02,Drake London,drake-london,WR
b8ea576a-3dbb-4228-b400-23dc60167d2e,Drew Bledsoe,drew-bledsoe,QB
e71ebb2b-eb1d-485b-858e-d545a1655151,Drew Brees,drew-brees,QB
7e56e7c1-3727-4dfb-9bdb-b4a1a75c92be,Duce Staley,duce-staley,RB
47678fa8-dac3-4e51-b623-5bc63101f8e0,Dulymus McAllister,dulymus-mcallister,RB
408f0001-7e1e-45e7-9ddb-cd0347aa7773,Dwayne Bowe,dwayne-bowe,WR
94a65887-ed9f-4b75-8dc8-1d4991f2ae0c,Earnest Graham,earnest-graham,RB
294336ef-caf1-4f9a-98bb-19fcc639488d,Eddie Kennison,eddie-kennison,WR
2814c61b-0ba8-493a-9840-a9156104dbae,Eddie Lacy,eddie-lacy,RB
68d522b0-34e4-464c-aad5-69f56ffa56d2,Edgerrin James,edgerrin-james,RB
c36f6c33-e6ae-493d-9b1a-5a3812c10c6a,Edward George,edward-george,RB
07423794-8b2f-4e40-ab42-c2eeb1e73166,Edward McCaffrey,edward-mccaffrey,WR
91d8cd9f-9b0a-43a1-a7dd-b3fabc198087,Elijah Mitchell,elijah-mitchell,RB
f3cb3e3e-7c1e-41b2-b5fa-9d7c75e89840,Elijah Moore,elijah-moore,WR
bcb55710-9716-4461-9ba0-77eea1b3eab4,Elisha Manning,elisha-manning,QB
fdd4e971-27aa-4e61-9d9f-fa8e262fb9cf,Elvis Grbac,elvis-grbac,QB
b93e2729-7da1-4699-a892-cbe72b3ea40e,Emmanuel Sanders,emmanuel-sanders,WR
b4f76657-ea1b-468d-9257-32749fac3afa,Emmitt Smith,emmitt-smith,RB
3b499569-d1ea-4237-9b42-45a084f884f1,Eric Decker,eric-decker,WR
8200eff1-48c8-41e8-90a2-5df46dba7e5a,Eric Moulds,eric-moulds,WR
005d43f0-39b4-4331-b23c-5d3aefb3be37,Errick Williams,errick-williams,RB
fa28109f-7bff-459b-913f-82e407bf3c3d,Eugene Hilton,eugene-hilton,WR
51f5d68a-50e7-497c-822e-31bf52960e61,Eugene Smith,eugene-smith,QB
c5c60d12-3fc9-4c09-8621-d73c0429f6fe,Ezekiel Elliott,ezekiel-elliott,RB
438b2b76-ea6b-4b1b-9d92-c292174724c4,Felix Jones,felix-jones,RB
d05e241b-e031-4d3a-852f-e9b005760569,Franklin Gore,franklin-gore,RB
2dac9e88-938f-45df-a39e-869f9af9de86,Frederick Taylor,frederick-taylor,RB
f9c1c4e7-8b6d-4b74-8a74-af0394a60d82,Fredrick Jackson,fredrick-jackson,RB
945406fd-b966-4030-bba8-2047e9e1cda5,Gabriel Davis,gabriel-davis,WR
0b007e17-c2b4-4edf-b62a-f17e5f6b55e9,Gardner Minshew,gardner-minshew,QB
c4282982-a0bf-4f09-9408-256e4954aabd,Garrett Wilson,garrett-wilson,WR
2197282d-a0eb-49e3-8b5f-2da9151ea60e,Gerald Hearst,gerald-hearst,RB
7732b305-bb19-4440-b79e-002d4f6cf056,Giovani Bernard,giovani-bernard,RB
2f5b9db2-36f9-4d4b-aafc-d19f1bd95b11,Golden Tate,golden-tate,WR
0d8a5310-7f9d-4617-bd62-3e32775bf992,Gregory Jennings,gregory-jennings,WR
dcbbe39f-f8e1-4b00-bd8c-7af2df09b3b9,Gustave Frerotte,gustave-frerotte,QB
8cd7cf85-b9c5-47cc-a2b9-d23e0ffca703,Hakeem Nicks,hakeem-nicks,WR
2c925fe2-1364-4673-b423-cd55f61e41f2,Harry Douglas,harry-douglas,WR
29d9aa22-e17c-4392-9dbc-a18984b2de59,Hines Ward,hines-ward,WR
c84fb629-0b91-468a-9dac-b3df06bd3e1c,Hunter Renfrow,hunter-renfrow,WR
ef5e685b-490d-43c5-9123-b02012356a9b,Isaac Bruce,isaac-bruce,WR
cf3c45cd-46dc-497c-87ac-d92c1a5304a7,Isaac Hilliard,isaac-hilliard,WR
2bbfe711-8e13-4e25-ab32-f75fadd2da70,Isaiah Crowell,isaiah-crowell,RB
d9c6f61e-47fa-43ce-9305-4647e97efa3a,Isaiah Jones,isaiah-jones,WR
c5ffac92-9ff1-4207-bd8e-50756484d8ba,Isiah Pacheco,isiah-pacheco,RB
c4322f11-454e-4968-948e-ae39a01ad788,J.K. Dobbins,j-k-dobbins,RB
0769ca9a-9840-4e4b-ac40-5af602f4e746,Ja'Marr Chase,ja-marr-chase,WR
9053f31e-1043-4712-b0d7-b391663d26bb,Jacoby Brissett,jacoby-brissett,QB
741a5a68-4ed4-4861-b08c-53e420776644,Jacoby Jones,jacoby-jones,WR
f3bac706-f2a8-45d2-9664-ee0105dd0a3a,Jacquizz Rodgers,jacquizz-rodgers,RB
ce7fc649-7bd5-4e27-8c3f-40728d53686b,Jahmyr Gibbs,jahmyr-gibbs,RB
a83dbf4f-8acf-4159-a139-0dcd662b9bf3,Jake Delhomme,jake-delhomme,QB
8f7f4da1-9c5c-40e6-ad06-1134bd769104,Jakobi Meyers,jakobi-meyers,WR
04fd43ae-3840-4abb-81aa-fcff333dfe4d,Jalen Hurts,jalen-hurts,QB
76e58150-199d-4af0-9035-d1859d0fdf85,Jamaal Charles,jamaal-charles,RB
3cd7e459-f75f-44fc-adbc-11d2e4662eec,Jamaal Williams,jamaal-williams,RB
ea3716fb-c50b-4771-b82c-f7f6d3c726a1,Jamal Lewis,jamal-lewis,RB
99ab3604-35d8-49a1-8e94-9fa22ed9e7c5,Jameis Winston,jameis-winston,QB
d2b30f91-9400-4130-abaf-48a15a2d9557,James Allen,james-allen,RB
75d659c3-81fe-4c63-8e68-6228a8e8ab1e,James Conner,james-conner,RB
7e7aea20-def3-427c-ab6d-223273a4664d,James Cook,james-cook,RB
6fb80626-0b1c-4a66-beed-f685dc3970a4,James Garoppolo,james-garoppolo,QB
be52040c-1cf4-41b6-98c8-f61bdc0d33e5,James Johnson,james-johnson,QB
e8880081-530a-4435-9790-2ee8850f6ad9,James Jones,james-jones,WR
584425db-52e9-48ad-86b5-022cc1d37471,James Pennington,james-pennington,QB
6db9946d-e124-4afd-8db4-ee4857ab4319,James Robinson,james-robinson,RB
1a9892f9-cd9b-4346-819a-283959a35b4c,James Smith,james-smith,WR
68095e66-26c9-4d69-85af-68891bb3e6a7,James Starks,james-starks,RB
b82789e7-5a54-4b30-85ee-8a49714711bd,James Stewart,james-stewart,RB
4e9a250d-83cb-4b07-9b4d-bf19c98f7fcc,James Thrash,james-thrash,WR
8474287b-c511-4453-b90d-d04cc4b10957,Jamison Crowder,jamison-crowder,WR
f43611bf-d7ac-410e-9940-96173c106299,Jared Goff,jared-goff,QB
ea8fb32e-9a07-4377-8880-ec07c1b60662,Jarius Wright,jarius-wright,WR
2b746527-959b-48cb-bd21-43b45ab1b881,Jarvis Landry,jarvis-landry,WR
7949fbe8-4013-49d1-8257-c900a5fb200a,Jason Avant,jason-avant,WR
379ca33b-b3df-4d86-8ebf-f4ffd904d980,Jason Campbell,jason-campbell,QB
7efcb708-d004-445c-a6c8-a87322386a96,Jason Plummer,jason-plummer,QB
bbba61ce-d284-49aa-959f-9eaadf236fbb,Javon Walker,javon-walker,WR
422c87a9-5f5c-49f6-b6bf-63986be1ba91,Javonte Williams,javonte-williams,RB
21db9848-e7ef-4120-8b58-a861d6a90e4b,Jay Cutler,jay-cutler,QB
b4c99d97-2141-406b-b2f9-0485d59b76c6,Jay Fiedler,jay-fiedler,QB
c090802c-f26f-4f1c-a0ee-70be75639f17,Jaylen Waddle,jaylen-waddle,WR
9154c41f-61bf-46d6-b5fc-d1ba54e74b5d,Jeff Garcia,jeff-garcia,QB
4d3e95b8-fa8f-456a-a89d-71bc36e71248,Jeffery Blake,jeffery-blake,QB
0795d021-d214-4be0-9562-17d512635477,Jeffery Wilson,jeffery-wilson,RB
523a0110-25ab-4fc9-9599-0807322e4118,Jeremy Hill,jeremy-hill,RB
a8be2752-bf12-4004-81de-bde659b73ff3,Jeremy Kerley,jeremy-kerley,WR
0aecfc09-597b-419e-b7b2-5456728f1465,Jeremy Maclin,jeremy-maclin,WR
083b1cc1-a8f7-4e20-b476-53158cd18439,Jerick McKinnon,jerick-mckinnon,RB
074388c5-8a97-488e-9180-54bdd217c2dc,Jermaine Kearse,jermaine-kearse,WR
dd3e0afd-eed1-48d7-851a-c79edaf26b37,Jerome Bettis,jerome-bettis,RB
5cb0acdb-2a61-4f9f-8222-d8b16a73b763,Jerome Pathon,jerome-pathon,WR
141bfa67-1fc3-4c49-8307-959661487069,Jerricho Cotchery,jerricho-cotchery,WR
d3a30618-26ae-44e8-8cca-94d9dcaa8c4e,Jerry Jeudy,jerry-jeudy,WR
3e26380f-dad0-4812-a6dc-77c8091f76f6,Jerry Porter,jerry-porter,WR
27e1f89f-cb66-4aaf-8834-11d1c3893bc3,Jerry Rice,jerry-rice,WR
1d8e7b56-5b68-4c8b-a680-57f330591823,Jimmy Smith,jimmy-smith,WR
0bb00a04-cf0f-4465-9141-17bb1776ddd7,Joe Jurevicius,joe-jurevicius,WR
3f48644b-3b73-43d9-905e-20f487800e34,Joe Mixon,joe-mixon,RB
f70b1514-af4b-4c80-b692-d94cabe0399d,John Brown,john-brown,WR
703d0c50-8207-43ec-a72e-6d9d6d9c0d37,John Harrington,john-harrington,QB
593aa3b1-c5ed-41ad-ac8b-dda06f16a82f,John Smith-Schuster,john-smith-schuster,WR
88cbe646-b1f5-40e3-829f-51426232395b,John Stafford,john-stafford,QB
be81cbdd-67f8-4792-a8b9-146880dd773e,Johnnie Morton,johnnie-morton,WR
a5ad7eef-602d-4c48-b4bc-0b4ca2e43d70,Joique Bell,joique-bell,RB
73b38e39-c96d-4354-b0a3-260b61b11ed6,Jon Kitna,jon-kitna,QB
7cb83cea-6be3-416c-9ab7-c2ccd6e0e704,Jonathan Ajayi,jonathan-ajayi,RB
390a28bf-f9b7-4fed-9026-467bedb6be26,Jonathan Losman,jonathan-losman,QB
6c3971ed-d40c-4327-b4e5-18d7f7c07941,Jonathan Stewart,jonathan-stewart,RB
928ee83f-cfa6-445a-8953-40556c9dcdf4,Jonathan Taylor,jonathan-taylor,RB
8526d989-9002-4d6f-b8a6-46e19da36d99,Jordan Howard,jordan-howard,RB
64ec3ac6-3ff3-4c43-b176-0d3683620d69,Jordan Love,jordan-love,QB
1b580357-e7af-443f-bf0f-6febb08b1a78,Jordy Nelson,jordy-nelson,WR
8ca23b7d-d39d-486a-b254-9cb5cb607f40,Joseph Addai,joseph-addai,RB
1a10c6ef-fdb9-443c-b2c4-27b0037ced87,Joseph Burrow,joseph-burrow,QB
9f3f56b0-b1ab-4f26-9316-228ca7f84cde,Joseph Flacco,joseph-flacco,QB
83b6f7df-da1b-4af2-a445-bca67ce311ea,Joseph Galloway,joseph-galloway,WR
a2ca56ed-63b7-43dd-b358-2d7aeab2a347,Joseph Horn,joseph-horn,WR
cadd3bc8-808a-440e-be91-bfafea3035d2,Josh Freeman,josh-freeman,QB
1ba5d6c5-12f3-4963-88be-6bac8d43c051,Joshua Allen,joshua-allen,QB
93377ca4-fecc-45d6-87ca-2e11831e2687,Joshua Gordon,joshua-gordon,WR
1f09a061-8dbb-409e-a5b7-201786e7014f,Joshua Jacobs,joshua-jacobs,RB
15411c5f-fae4-4a4d-9474-0c9b927221c7,Joshua McCown,joshua-mccown,QB
59de7ad7-6aa3-4f44-868e-0ac3e072706d,Joshua Morgan,joshua-morgan,WR
3238e835-bdc0-48a9-9ea2-17e879528ef9,Joshua Reed,joshua-reed,WR
1fd3ae22-e84b-4151-b89a-f3da2c696321,Joshua Reynolds,joshua-reynolds,WR
7247c7f1-a4c5-4f20-bdfd-0c99bdcf4332,Julian Edelman,julian-edelman,WR
b5746e31-b68b-4d7c-85a4-3384cd461909,Julius Jones,julius-jones,RB
15c2db2c-f92c-4f11-93ec-665fab6a867b,Justin Fargas,justin-fargas,RB
0fe2543e-1a52-471e-8ead-fafd13387d77,Justin Fields,justin-fields,QB
6c7fc985-b712-4dbf-8f17-010fb26960e0,Justin Forsett,justin-forsett,RB
a7c1cf0c-c7df-4f4e-8134-d11ec297fcaf,Justin Gage,justin-gage,WR
175c057f-30fe-42bb-a884-dbaf79e11e68,Justin Herbert,justin-herbert,QB
c7e220b1-7b31-4451-9be7-9681802eaf39,Justin Jefferson,justin-jefferson,WR
a70b4640-b5cb-4a8c-b5ba-10e325dc8fb8,Justin McCareins,justin-mccareins,WR
8b98237a-46a5-4134-9fca-46e48edc0d7e,Kareem Hunt,kareem-hunt,RB
343b938d-aab3-4573-9c5d-de54b13978f1,Keelan Cole,keelan-cole,WR
93700d23-36ac-43f6-a287-c084f5e2b34c,Keenan Allen,keenan-allen,WR
5a910086-3cac-4548-9b98-68facb202b05,Keenan McCardell,keenan-mccardell,WR
47971edd-92b0-4fdc-96de-e0850b30a40f,Kelvin Benjamin,kelvin-benjamin,WR
526cae45-15d9-4507-bb78-273e3b959c90,Kendall Wright,kendall-wright,WR
ad01d02b-6a97-41a4-91c5-421879acc2cd,Kendrick Bourne,kendrick-bourne,WR
106b1b8b-c2b5-463c-ab73-71406d02dfda,Kenneth Barber,kenneth-barber,RB
69ea7d89-1b5e-4d09-960b-496ddfa5d6a5,Kenneth Britt,kenneth-britt,WR
3e203b65-06e3-4d90-aa32-0faae023829e,Kenneth Golladay,kenneth-golladay,WR
aa8e873e-b808-4a8c-870f-1ae139924608,Kenneth Stills,kenneth-stills,WR
28755a59-bdda-4d19-9f86-e976d7526e39,Kenneth Walker,kenneth-walker,RB
3d9778b2-47c3-4d46-b7c9-32ab4dc58af7,Kenyan Drake,kenyan-drake,RB
3a6bdc8d-6b97-4c4a-856d-571022082e7c,Kerry Collins,kerry-collins,QB
d5f69b32-a4f6-4599-ab3f-1f3f081a4d91,Kevan Barlow,kevan-barlow,RB
81cb2cd8-0041-4e39-825c-14bbaffb1ba2,Kevin Curtis,kevin-curtis,WR
a1040af3-3cfe-4901-9249-03c839ca6355,Kevin Faulk,kevin-faulk,RB
55682408-6ec7-4ea1-bfad-0d712044a7e5,Kevin Johnson,kevin-johnson,WR
77886b11-c784-4a50-b896-203100430681,Kevin Jones,kevin-jones,RB
d9e77584-6ca8-4275-87d9-7d7eab24d6bf,Kevin Kolb,kevin-kolb,QB
7595290c-37fe-409d-811b-73565e75212a,Kevin Smith,kevin-smith,RB
fab66063-3892-4eae-9259-61715c4aed79,Kevin Walter,kevin-walter,WR
b7050320-cd6b-4aff-9023-a72f06aa112d,Keyshawn Johnson,keyshawn-johnson,WR
46d2a3ca-3b6b-4e34-84c6-2e2163f8b7a2,Khalil Herbert,khalil-herbert,RB
596371ab-b1bb-4be7-bfc4-98795fc757a7,Kirk Cousins,kirk-cousins,QB
50402757-b31b-44df-99a8-628369457c32,Knowshon Moreno,knowshon-moreno,RB
7d8d85c7-e09d-4de9-a797-c2cbef392469,Kordell Stewart,kordell-stewart,QB
60519ef0-c80b-4a16-9954-65f3c665eb41,Koren Robinson,koren-robinson,WR
e823b71b-598d-4b5f-8156-ff7fc67e87b8,Kurtis Warner,kurtis-warner,QB
c3461308-3022-493d-953b-1f18ef2717a9,Kyle Boller,kyle-boller,QB
be0e5781-6110-40ce-af27-f2eaa9b99d0e,Kyle Orton,kyle-orton,QB
aa00a268-2bb1-4a60-ae38-d0dc66c07dab,Kyler Murray,kyler-murray,QB
0c2ce291-78cc-4ad3-8b21-aeb120ffa414,Kyren Williams,kyren-williams,RB
d43c2ca5-a6c5-4c1e-8328-1092da639255,LaDainian Tomlinson,ladainian-tomlinson,RB
4a6baebc-18b9-4b07-8482-c029f1109667,LaMont Jordan,lamont-jordan,RB
e193a9f9-c83e-45f0-b1e6-e1c4a2657b00,Ladell Betts,ladell-betts,RB
6f6406ea-3aff-4819-bcdd-0dbef97f7b9c,Lamar Jackson,lamar-jackson,QB
2c127a2e-1934-4735-8eb0-c80e1269704c,Lamar Miller,lamar-miller,RB
e6c0e1a8-a879-4b13-92c2-b6919a1be9c8,Lamar Smith,lamar-smith,RB
4158a057-2064-4419-8686-b7235f5b33bb,Lance Moore,lance-moore,WR
f8662272-717b-4bf4-824e-81b9ae5653a0,Larry Fitzgerald,larry-fitzgerald,WR
31bfac79-4cdc-4570-8fea-64ea1b8c4449,Larry Johnson,larry-johnson,RB
060ef74c-8748-4ea0-a007-711a80b18130,Latavius Murray,latavius-murray,RB
9bc2d025-0429-4d28-a167-c2a876751285,Laurence Maroney,laurence-maroney,RB
830cbe29-b5ab-472b-a9dc-d9bfe247743b,Laveranues Coles,laveranues-coles,WR
e90cde19-f151-4256-9938-7c331129a175,Lavonya Carter,lavonya-carter,QB
31193de3-8774-4be6-b4ed-82cc64ae7c80,Le'Veon Bell,le-veon-bell,RB
7d3c8d7b-6d50-444a-8005-2acac6ae60b3,LeGarrette Blount,legarrette-blount,RB
4b762d75-5765-40a9-a856-f4346d5d6e21,LeSean McCoy,lesean-mccoy,RB
e50040d3-270c-4872-843b-00d1e9806c4c,Lee Evans,lee-evans,WR
d1b501bf-717e-489f-a5d5-7624647efab1,Leon Washington,leon-washington,RB
d8a529cc-4efe-4785-8482-fd16e41c7348,Leonard Fournette,leonard-fournette,RB
4669927b-a49b-42d8-b6b6-856c4bd1fdfa,Malcom Floyd,malcom-floyd,WR
b90bb75e-baae-47a6-892a-50f3cd2507fb,Marc Bulger,marc-bulger,QB
d1fbed30-4df7-4750-a215-3aad2055129d,Marcel Shipp,marcel-shipp,RB
7341ab99-605e-4726-ab68-79ed484c4dfb,Marcus Mariota,marcus-mariota,QB
ab70d756-7454-40e0-96ba-3007a561047b,Marcus Robinson,marcus-robinson,WR
b0f8e8ff-9b12-4c4f-9f3b-043f34718f1a,Mario Manningham,mario-manningham,WR
dd5d49fd-3807-4d03-bc9a-77e0785c5e99,Marion Barber,marion-barber,RB
c6ac17b2-0375-43e2-8787-d7db34d92e75,Mark Brunell,mark-brunell,QB
6021faca-f31a-490a-9a18-d23ac724c5c0,Mark Clayton,mark-clayton,WR
4c3d6828-8381-4fe4-bce0-17b956541a98,Mark Ingram,mark-ingram,RB
260892c9-5d54-420e-88ee-5b0e4f0d6c34,Mark Sanchez,mark-sanchez,QB
fd111e82-165b-42ce-822b-54f56fca0ab9,Marlon Mack,marlon-mack,RB
a84974da-17ee-4cf3-8441-719a384f4cdd,Marques Colston,marques-colston,WR
432c5ef5-d1ce-4b04-a511-6fe0575e58cf,Marquez Valdes-Scantling,marquez-valdes-scantling,WR
52bea9b9-607a-49a1-8ae1-0ab347f468b1,Marquise Brown,marquise-brown,WR
5d5b9171-e01e-419d-b050-f4fd418cec3d,Marshall Faulk,marshall-faulk,RB
9dbbd3e0-ba74-4bb9-802e-5050f769178b,Marshawn Lynch,marshawn-lynch,RB
44385afa-bb69-4434-8ce0-74d22b27ad1b,Marty Booker,marty-booker,WR
c2cdb94c-8359-45b0-ad77-b63ebbfadcf8,Marvin Harrison,marvin-harrison,WR
ea0f8783-d4f9-4acf-b6d0-f6039e7cbce4,Marvin Jones,marvin-jones,WR
b75da1da-d33d-4726-ade8-4ccc667ca2a6,Matthew Breida,matthew-breida,RB
d8f4fdc0-1a62-4e58-b851-a4de57ed7796,Matthew Cassel,matthew-cassel,QB
d9c11b23-f14d-418d-b521-434c65a8126f,Matthew Forte,matthew-forte,RB
5067e415-85c2-43f2-891e-2897d899f19b,Matthew Hasselbeck,matthew-hasselbeck,QB
0b961b4e-9562-49c0-a823-28c94fad5bc3,Matthew Moore,matthew-moore,QB
3f2310a7-4684-40c3-a422-b831035a4e1f,Matthew Ryan,matthew-ryan,QB
055dc720-02c9-4676-9e46-d30aed6837a5,Matthew Schaub,matthew-schaub,QB
e7e4e509-042f-4318-b140-e174dff3c44b,Maurice Jones-Drew,maurice-jones-drew,RB
cf0051ad-a380-4c12-870d-cfdc5168b7c3,Maurice Morris,maurice-morris,RB
d4ff39ee-d4ce-4624-be28-ae8a61538f46,Melvin Gordon,melvin-gordon,RB
093b0005-60c3-4b39-bc8f-4b778a1b97dd,Mewelde Moore,mewelde-moore,RB
2d9bce3b-bd26-412b-996e-cb3841cecb57,Michael Anderson,michael-anderson,RB
f31ff564-278a-4c13-88d5-48d7ec4b1cfa,Michael Bell,michael-bell,RB
a8140aeb-38f4-4031-b06f-3ac4f7795951,Michael Bennett,michael-bennett,RB
a3e9038d-2d8b-4efc-9400-4085bcd56246,Michael Burkhead,michael-burkhead,RB
055e2f62-fbc9-444f-bff7-4938d68a8b23,Michael Bush,michael-bush,RB
f27e1d7b-bd3f-46c5-b6f3-aa3c4f746712,Michael Clayton,michael-clayton,WR
3562a423-52b4-443a-b2fa-ca992a98768f,Michael Crabtree,michael-crabtree,WR
c7d0a484-987e-43e9-a221-fe49e38f8a52,Michael Evans,michael-evans,WR
c927bde6-0a7c-425a-84f5-0962eb84ad41,Michael Floyd,michael-floyd,WR
cc076f4e-a75f-417d-9115-d1bbd1e8abe0,Michael Furrey,michael-furrey,WR
7d820de5-7da1-4213-83dd-4d899510ca43,Michael Gallup,michael-gallup,WR
1d6a9eca-b360-42dc-aae8-e151d3ac68c3,Michael Glennon,michael-glennon,QB
32a5e646-b1bf-4239-94b7-27839bebe77e,Michael Jenkins,michael-jenkins,WR
4013004a-fd3d-4c98-a62e-68823c9fd1e8,Michael Jones,michael-jones,QB
a0db027e-eb61-4dca-a734-310d2798d1af,Michael Pittman,michael-pittman,RB
f0130678-737a-4b1d-aef7-bf718e6d0293,Michael Pittman,michael-pittman-wr-f0130678,WR
c82f1ab7-a96b-4188-9c68-5ff4505c005f,Michael Thomas,michael-thomas,WR
5f4bfa58-ce3f-4071-b127-9a4b95d67f99,Michael Turner,michael-turner,RB
e9e1938e-4fc9-430e-8b7c-cc6e7ed9692c,Michael Vick,michael-vick,QB
1856a76a-f478-4db7-856e-9933f9aa7799,Michael Williams,michael-williams-wr-1856a76a,WR
f2d79db7-3218-495a-8b5c-06dd6e094f1b,Michael Williams,michael-williams,WR
48a5cab3-2505-48df-854f-1f5ae0c93fee,Mike Davis,mike-davis,RB
be41aaa1-0257-4e99-9920-34f2d2b17a68,Miles Austin,miles-austin,WR
1e33eb45-75e4-4128-888a-e1ac283e48c9,Miles Sanders,miles-sanders,RB
955df001-1a90-45a5-ad7b-cee7d8a21b6d,Mitchell Trubisky,mitchell-trubisky,QB
2b4e362d-bd31-4ff8-b5d1-0c0465333931,Mohamed Sanu,mohamed-sanu,WR
8c3bb221-5788-455f-828d-a00fb95a4ca5,Muhsin Muhammad,muhsin-muhammad,WR
303a1da0-18cb-4c45-bb71-c5c6522c30a6,Najee Harris,najee-harris,RB
d6192077-7e15-45a4-b69a-27679e8f1d54,Najeh Davenport,najeh-davenport,RB
1e102eb3-f973-405f-82c7-9b70a4438214,Nathaniel Burleson,nathaniel-burleson,WR
991ebe41-e336-4857-90cd-c7254782d132,Nathaniel Washington,nathaniel-washington,WR
cacdabc3-756c-4050-8da3-81a155a41a72,Nelson Agholor,nelson-agholor,WR
9c42e3b2-ac08-4a1a-b2d2-7ca27b58d09c,Nicholas Chubb,nicholas-chubb,RB
ade6a401-5d27-4e6d-b2ff-1fbfcfa395ec,Nicholas Foles,nicholas-foles,QB
0c122861-2efa-4ebc-8ccf-594fe0aeac29,Nicholas Mullens,nicholas-mullens,QB
27d4c2c0-67c4-488e-9f7f-f84c44bcc9db,Nick Goings,nick-goings,RB
4d184d75-a983-4a5e-8c24-b7febcfde02d,Nico Collins,nico-collins,WR
ebd5fb93-2550-4591-a6ed-691ccced144b,Odell Beckham,odell-beckham,WR
263ad6bb-c574-4dec-b6f2-a9bb6f7379dd,Patrick Crayton,patrick-crayton,WR
2b1516ab-7d8c-4241-924f-578716afa491,Patrick Mahomes,patrick-mahomes,QB
71f124c6-066c-4045-981d-018d588bc0e6,Patrick Ramsey,patrick-ramsey,QB
8fa05380-7bc8-4bc6-9ddb-b452823b4089,Paul Lock,paul-lock,QB
dcd6d469-15bb-4eb2-b7ee-d092454cf400,Peerless Price,peerless-price,WR
f5de1980-79b8-4432-bf4c-6c5ce3adf589,Percy Harvin,percy-harvin,WR
0ed4ffc1-0dc3-41d3-a404-549a337252f7,Peter Warrick,peter-warrick,WR
9a7d96ce-8e11-4713-b7cb-16b97c4a62b5,Peyton Hillis,peyton-hillis,RB
bc0376b9-76ca-4f13-8e6f-8855ffa088d0,Peyton Manning,peyton-manning,QB
d94bab82-58ed-40a6-b13b-644279e30ad7,Philip Rivers,philip-rivers,QB
89efb462-e85f-4f07-985c-8291bb67d7ce,Phillip Lindsay,phillip-lindsay,RB
6cb7f6b0-e5b1-40ce-87df-df1d9d02fd58,Pierre Garcon,pierre-garcon,WR
e4b6fb20-a987-4949-b2ac-22b87a12c1a4,Plaxico Burress,plaxico-burress,WR
41844edc-9ed1-4504-a96d-5548942836fd,Priest Holmes,priest-holmes,RB
0b31a638-b521-4f16-a4dc-90c9620473e2,Puka Nacua,puka-nacua,WR
de7f0643-4538-428a-9a9e-8890a3edafc3,Quintorres Jones,quintorres-jones,WR
a8777636-2e31-41dc-bfac-98de71291e89,Rachaad White,rachaad-white,RB
6a2178fb-2b5b-4b79-979e-55527e42efa1,Randall Cobb,randall-cobb,WR
e76b8b36-0245-454e-a543-00f113777ac3,Randy Johnson,randy-johnson,RB
c434e09d-5b47-44aa-9d9d-6fb97322b91b,Randy Moss,randy-moss,WR
e9d294c1-d9ca-4408-87e4-bba14cc9f60a,Rashad Jennings,rashad-jennings,RB
8ad74998-dbc0-4d56-9f43-d13661922351,Rashard Mendenhall,rashard-mendenhall,RB
0439e2b2-32a5-43c5-9512-1f17299c14cd,Raymell Rice,raymell-rice,RB
4a399727-bc43-44ed-8c53-7efff64841d5,Rayne Prescott,rayne-prescott,QB
49213042-c95c-43fa-8671-755b6375b53f,Reginald Bush,reginald-bush,RB
3b7648c9-f7cd-41f5-b0f9-da7eb5a7d6c5,Reginald Wayne,reginald-wayne,WR
13ebb7f1-ad97-4352-8ea8-29c7dfdd9574,Reuben Droughns,reuben-droughns,RB
e2367b7a-42ea-46cb-bd21-b6672f298d5a,Rex Grossman,rex-grossman,QB
4111f09e-5b1a-4e7f-aac4-21b1fe3525f3,Rhamondre Stevenson,rhamondre-stevenson,RB
633dc745-2976-474d-ba6c-ce5fd686a94d,Richard Gannon,richard-gannon,QB
9a846033-9fae-4680-97ec-00351a21077d,Richard Proehl,richard-proehl,WR
bc9fe622-a65c-4f3f-9254-21a2f3d7be24,Rishard Matthews,rishard-matthews,WR
17fa23bd-36d9-4fb6-8318-066e14755a15,Robby Bortles,robby-bortles,QB
61efa67f-e434-49d8-b747-ed25a9fd28ad,Robert Chosen,robert-chosen,WR
067fb6df-d4fe-440c-b3f7-0b17a7293678,Robert Griffin,robert-griffin,QB
6f1535ad-7395-4c07-be7d-d668751acd79,Robert Wade,robert-wade,WR
75c1bc98-887c-4f72-b61e-35c7afddbd84,Robert Woods,robert-woods,WR
79209da9-8eee-4d95-b98d-e9f890c2b291,Rod Godwin,rod-godwin,WR
522bf2ab-8b41-4c9d-888b-d46c587ba150,Roderick Gardner,roderick-gardner,WR
816928be-6618-4b58-b4b0-826ee329eb73,Roderick Smith,roderick-smith,WR
3e0ccd34-0f37-442e-b292-9d133c74a0de,Ronald Dayne,ronald-dayne,RB
65c47194-9b19-40f4-afec-20ac6b1334ee,Ronald Jones,ronald-jones,RB
672243b9-3f42-418e-93aa-70420da0aefe,Ronnie Brown,ronnie-brown,RB
d9f1ada7-2a2a-4c9f-a7af-246afa0e9561,Ronnie Hillman,ronnie-hillman,RB
727aafc7-9eb7-469d-aefb-34519ba93719,Roy Williams,roy-williams,WR
8a48ff39-3b61-4903-a5ed-6a2d2995beea,Royce Freeman,royce-freeman,RB
ae9eb31f-674b-46c3-9e3c-347ae3c6e59b,Rudi Johnson,rudi-johnson,RB
760cd434-67a2-41aa-a989-486ca66000f2,Russell Gage,russell-gage,WR
61138242-83de-4490-a1db-e4b5d9082fed,Russell Wilson,russell-wilson,QB
77e58f25-61d4-40d5-af5a-03ed9298af9a,Ryan Fitzpatrick,ryan-fitzpatrick,QB
a5a27f1c-e1aa-4485-9195-b92e752a9929,Ryan Grant,ryan-grant,RB
13b2ceed-4795-40e4-8b44-9fc0f6c5dcdc,Ryan Mathews,ryan-mathews,RB
c5738544-9140-49b9-9f2d-f52eea74f3da,Ryan Tannehill,ryan-tannehill,QB
6a0c6a87-6916-4007-a742-eedbb74541c1,Sam Darnold,sam-darnold,QB
78b41475-9ba1-4063-94fa-52abaa316ebb,Samaje Perine,samaje-perine,RB
d81258e3-4819-44d9-8388-efb0367031b3,Samuel Bradford,samuel-bradford,QB
15a20833-3f36-46a5-9ac6-42b9cc2243b4,Samuel Morris,samuel-morris,RB
0fc08f22-57bf-44ac-9fd9-be55c31a2ff1,Samuel Watkins,samuel-watkins,WR
6d31c6ba-6547-4e64-bfdf-c03175fc578e,Santana Moss,santana-moss,WR
0fa6b32e-efb0-4604-9c25-945cd9cb56fd,Santonio Holmes,santonio-holmes,WR
46a2d48b-ae9c-432e-afd2-1a831097d8d1,Saquon Barkley,saquon-barkley,RB
f21a3dee-902f-4833-b5a2-2c61ca18ea81,Sharod White,sharod-white,WR
7f8634e4-e344-4d57-a0fb-202ebd3181e0,Shaun Alexander,shaun-alexander,RB
9455efda-66c5-46a9-9df4-4b5913a152d1,Shaun Hill,shaun-hill,QB
1f24e7e5-f409-4ce9-9463-48980df6158c,Shaun McDonald,shaun-mcdonald,WR
5d659e3a-5154-4b44-a934-50b5d545a95f,Shonn Greene,shonn-greene,RB
2665f3a3-f6bb-4ee7-8105-42faa08b1797,Sidney Rice,sidney-rice,WR
96b9bfce-2e61-46c0-8a06-13a5b0b5cd46,Simon Engram,simon-engram,WR
625734e4-dcb1-4e24-a100-718a83a965b0,Sony Michel,sony-michel,RB
4d099b08-f748-4d42-9447-815ae0e826f1,Stacey Mack,stacey-mack,RB
cb596c3e-7297-41e1-a89b-6fbd220389d1,Stefon Diggs,stefon-diggs,WR
1bcbcb49-621f-41a3-af11-6993ee98facd,Stephen Beuerlein,stephen-beuerlein,QB
446b3041-6bd6-4315-a8d1-c65bd4d7b75e,Stephen Davis,stephen-davis,RB
a8f6f715-ad61-45d7-b73a-e0d6d1aa0236,Sterling Shepard,sterling-shepard,WR
4feabecc-6b3f-42b4-b407-204846285469,Stevan Ridley,stevan-ridley,RB
939dcf08-54b2-48ee-914f-b393cc1ebc1c,Steve McNair,steve-mcnair,QB
7811835d-0ffc-4aac-a993-c653214a2d55,Steven Breaston,steven-breaston,WR
bb6ccb6e-2ae1-441b-bc38-340cce9395bb,Steven Jackson,steven-jackson,RB
253443d1-40b6-4ca3-a3fd-4fd8151139eb,Steven Johnson,steven-johnson,WR
6d311180-b70e-40c8-8a1d-2bbea2bfd096,Steven Slaton,steven-slaton,RB
085d4ad4-483f-4825-a345-018378825bce,Steven Smith,steven-smith,WR
e7596b4e-43d6-4ac7-bc55-cc0e511f5440,Stevonne Smith,stevonne-smith,WR
205845dd-597a-4e8f-a43d-9824246a8240,Tai Streets,tai-streets,WR
7c7f3196-ed6b-4b27-adfc-c6f3832401f6,Tamurice Higgins,tamurice-higgins,WR
59a13ce5-7857-4e3d-a08e-5f8d3d86c0ff,Tarvaris Jackson,tarvaris-jackson,QB
b95e16b0-13a0-4071-a804-9e85d85beca1,Tatum Bell,tatum-bell,RB
7e64a80f-3aaf-43c0-a99f-cf28f0af2e1d,Tavon Austin,tavon-austin,WR
c3ac27a1-29f0-418a-8f08-77bc3ae64eff,Taylor Gabriel,taylor-gabriel,WR
2eec3a03-a7d1-4f06-83b1-24b25310d417,Taylor Heinicke,taylor-heinicke,QB
af90016f-b5df-470d-b88c-2fadbfa720d0,Terrance West,terrance-west,RB
af0fb739-4c96-4d62-959b-0dbbd270b518,Terrance Williams,terrance-williams,WR
e50ef26e-3fbe-435b-936b-24ed78af4625,Terrell Owens,terrell-owens,WR
f910d209-dfc2-426f-a919-d0953eab79bc,Terry Glenn,terry-glenn,WR
dd111cd9-d1bf-4613-bfca-c9438c817d65,Terry McLaurin,terry-mclaurin,WR
e1f8c133-d28b-4567-8dc6-c2d011dac8b6,Tevin Coleman,tevin-coleman,RB
c818c7ab-b63f-46eb-bbee-18586cfafff6,Theodore Bridgewater,theodore-bridgewater,QB
43bb5ed0-d974-4424-a813-6c456980eab9,Theodore Ginn,theodore-ginn,WR
adf487b4-1d1a-466d-b9a1-b51b4debb6d2,Thomas Brady,thomas-brady,QB
fce00f92-f9da-46dc-8207-5c815553b0cc,Thomas Jones,thomas-jones,RB
f9a47804-2bdd-4b54-b615-3ac85211d13c,Thomas Maddox,thomas-maddox,QB
deba2489-8d3a-4e22-bfa6-ea5646f31dc6,Timothy Brown,timothy-brown,WR
d3b83967-d82e-44de-8f3c-a49967380131,Timothy Couch,timothy-couch,QB
05b4ab36-fc1f-42fc-acf8-273517f76f93,Timothy Hightower,timothy-hightower,RB
690a7267-6992-4506-957e-5850c8e1eaff,Timothy Yeldon,timothy-yeldon,RB
f268848b-d123-46db-a67a-b82227f62d6b,Todd Duckett,todd-duckett,RB
ad18e46b-f3bf-40e3-bfc4-03777ad11830,Todd Gurley,todd-gurley,RB
48e71ef9-ac48-459c-80fb-ea5f4657780f,Tony Pollard,tony-pollard,RB
2f48f77e-ca7d-4863-99be-5317be2f0d6d,Torry Holt,torry-holt,WR
18a61745-eef6-4386-8284-d642b70566d2,Touraj Houshmandzadeh,touraj-houshmandzadeh,WR
564deffd-90d2-4dac-8d29-29585bac17ce,Travis Benjamin,travis-benjamin,WR
f84c1701-a821-472e-b939-41e3a000d590,Travis Etienne,travis-etienne,RB
3da98baa-6182-45a8-84dc-3a74c0ddbc2d,Travis Henry,travis-henry,RB
3499ac85-28aa-4f79-86c8-f8f0939802a1,Travis Taylor,travis-taylor,WR
f93e958d-6ce0-422f-81d8-a9e74ad4da17,Trent Dilfer,trent-dilfer,QB
34c4f898-be15-4e8a-b00e-032f449ea24e,Trent Edwards,trent-edwards,QB
c4b772f8-a28c-4519-bd3b-20242a60e4cd,Trent Green,trent-green,QB
cc168900-a30f-4b8c-bc7c-69c926b4d1e1,Trevor Siemian,trevor-siemian,QB
ea1b57f7-34b7-426c-897c-efd69c1fb760,Troy Brown,troy-brown,WR
d5ed8c84-c07b-432f-bc47-0366de57a452,Troy Hambrick,troy-hambrick,RB
4e9271ce-f2a9-455d-9b74-f1e5737dbe95,Tuanigamanuolepola Tagovailoa,tuanigamanuolepola-tagovailoa,QB
f8c7c27d-8844-4c64-a7e7-e5e5a89ab102,Tyler Allgeier,tyler-allgeier,RB
71215ee3-19d4-4383-8fff-6f443a2f42b0,Tyler Boyd,tyler-boyd,WR
dfee33c3-8ba7-446b-a2d4-a78576f91958,Tyler Lockett,tyler-lockett,WR
c3180036-7d8a-457d-9472-2b1144badd62,Tyreek Hill,tyreek-hill,WR
20111753-8ebe-42fd-a1bc-5d83d874b351,Tyrell Williams,tyrell-williams,WR
90ba66e9-4942-4112-b084-02a2cc68a75b,Tyrod Taylor,tyrod-taylor,QB
2ecbe4e9-9a90-4ea9-80ba-60021b4b5e52,Tyrone Wheatley,tyrone-wheatley,RB
0585bc68-b118-497d-92bc-e847c01d5cc6,Tyshun Samuel,tyshun-samuel,WR
7156c3a4-1743-4008-8549-78dc2ac4692c,Victor Cruz,victor-cruz,WR
b2142642-d54e-4562-8203-f1de268d74e9,Vincent Jackson,vincent-jackson,WR
e3fd4ace-10a9-4a98-a73e-ff649d6c265b,Vincent Testaverde,vincent-testaverde,QB
07d3340e-9190-4235-a6c5-de8c22473f09,Vincent Young,vincent-young,QB
a351bd8f-9d41-4f85-ad56-3a0a76f36f96,Warrick Dunn,warrick-dunn,RB
dc63d30e-f4cb-4a8a-a9cf-4da676a1be3a,Wayne Chrebet,wayne-chrebet,WR
0d32792d-d384-43af-b161-71513b85c16a,Wesley Welker,wesley-welker,WR
3f9261e5-582b-476b-b1cf-cb21a04b482c,William Fuller,william-fuller,WR
802465b5-83eb-466c-8445-c34ca02cb175,William Green,william-green,RB
377be138-729f-4e6c-99a4-0ef98283d534,William Lawrence,william-lawrence,QB
13c01e90-d8ad-488e-bf29-89b8fef8ae24,William Royal,william-royal,WR
7228b04b-ad0f-4086-bb30-dacfa1a44acd,William Schroeder,william-schroeder,WR
29ec1ceb-3c8f-4b5d-af5e-90f35c33cec7,Willie Parker,willie-parker,RB
78860e8e-abdd-47d0-9345-c708b7a6fe6b,Willie Snead,willie-snead,WR
fe21fdd5-7801-4e01-9b70-02bae325225f,Willis McGahee,willis-mcgahee,RB
66913509-9bef-46f7-8424-c723367447fc,Zaccheus Moss,zaccheus-moss,RB
99e70821-b6e6-4a68-8e12-7dad19e7eb99,Zachary Wilson,zachary-wilson,QB
